GEOID8,NEAR_DIST,POPDENS,GEOID8,CHITRACT
17031510300,62227.9579,632.819397,17031510300,1
17031520100,64568.73793,260.8817139,17031520100,1
17031590700,22363.81953,1343.276245,17031590700,1
17031600400,15303.60727,5068.75,17031600400,1
17031824115,110904.3545,552.8560791,17031824115,
17031825303,117636.5237,760.5980835,17031825303,
17031830007,148167.5404,469.4569702,17031830007,
17031813801,33588.68593,1309.864502,17031813801,
17031830600,45412.66498,2880.144043,17031830600,1
17031830800,33133.53859,2758.543945,17031830800,1
17031830700,30070.92225,1793.89917,17031830700,1
17031830900,23180.3468,1198.763794,17031830900,1
17031835200,44651.06819,795.7893677,17031835200,1
17031839900,20770.96521,1482.988281,17031839900,1
17031839700,19003.91423,2837.009766,17031839700,1
17031839800,17584.98205,3895.166748,17031839800,1
17031834800,36124.87071,1128.015259,17031834800,1
17031834700,33575.42118,1031.889526,17031834700,1
17031832000,24565.51441,4749.422852,17031832000,1
17031832500,17638.87372,1732.311768,17031832500,1
17031832300,18093.14217,986.6802979,17031832300,1
17031838300,7746.974217,2860.63916,17031838300,1
17031831800,42628.46997,1185.432251,17031831800,1
17031831700,41112.39721,1621.5625,17031831700,1
17031835100,37055.54032,2147.266113,17031835100,1
17031835000,39453.48914,2459.595215,17031835000,1
17031843700,28673.37342,815.0529785,17031843700,1
17031220702,31483.28536,2451.439209,17031220702,1
17031842100,29275.00299,1261.598511,17031842100,1
17031843300,18884.34945,1038.581055,17031843300,1
17031824123,116298.2187,763.9536743,17031824123,
17031804405,176408.5148,823.0670166,17031804405,
17031831100,33047.81642,1965.573731,17031831100,1
17031831500,46734.20727,1772.650635,17031831500,1
17031831600,48947.49827,2007.978027,17031831600,1
17031831200,30987.7684,3249.099365,17031831200,1
17031831000,18016.25458,3613.671875,17031831000,1
17031843000,26409.05959,1042.987793,17031843000,1
17031843100,21353.08312,687.8956299,17031843100,1
17031842900,14114.53935,433.4739685,17031842900,1
17031843500,24663.79942,1231.414307,17031843500,1
17031842000,17118.20559,1694.437256,17031842000,1
17031804508,157103.7983,966.1958618,17031804508,
17031770901,60798.49394,1633.945801,17031770901,
17031832400,21492.88406,4302.682617,17031832400,1
17031832900,9765.36994,1903.362427,17031832900,1
17031840300,23410.58127,1948.929565,17031840300,1
17031823805,88910.13155,849.9273071,17031823805,
17031838600,20591.98183,2379.474609,17031838600,1
17031839600,19974.75131,2040.629517,17031839600,1
17031834900,40721.41149,1153.607788,17031834900,1
17031030603,38663.78645,6804.913574,17031030603,1
17031832200,20024.0727,3177.571045,17031832200,1
17031836700,20618.8825,779.9663086,17031836700,1
17031836800,23518.79005,1273.228394,17031836800,1
17031836600,22943.09958,1782.762329,17031836600,1
17031833000,8167.680175,1658.277222,17031833000,1
17031842500,38263.12264,949.1209106,17031842500,1
17031841800,42817.92868,564.6578369,17031841800,1
17031980100,48485.87405,2.3301511,17031980100,1
17031842800,33249.89624,1943.792603,17031842800,1
17031843800,29451.14203,589.5307617,17031843800,1
17031841000,12504.44159,415.9510498,17031841000,1
17031836500,20879.40044,1259.246948,17031836500,1
17031843900,40869.67246,957.3381348,17031843900,1
17031834200,47572.94077,1857.108643,17031834200,1
17031842200,10325.87702,1154.758667,17031842200,1
17031838000,14542.09784,1900.969116,17031838000,1
17031010702,47923.53588,5156.051758,17031010702,1
17031010503,44223.46779,5097.959473,17031010503,1
17031010502,45728.56139,7014.446777,17031010502,1
17031010701,48403.96438,3299.536865,17031010701,1
17031020902,43239.866,3451.716065,17031020902,1
17031020302,49655.36288,3022.033936,17031020302,1
17031020601,47825.87656,4372.885254,17031020601,1
17031020301,50193.19567,2459.897217,17031020301,1
17031760803,68055.62598,3235.265869,17031760803,1
17031530501,75668.75632,1343.936279,17031530501,1
17031530503,79608.3102,1182.760986,17031530503,1
17031650301,47941.12919,2282.9646,17031650301,1
17031650302,46025.40161,2628.677734,17031650302,1
17031530502,79110.95241,858.0789795,17031530502,1
17031803611,143663.8967,1965.117188,17031803611,
17031831300,33131.94182,838.0775146,17031831300,1
17031831400,35302.56835,517.2880859,17031831400,1
17031837000,19399.57622,1910.613159,17031837000,1
17031842400,50829.87746,591.0578003,17031842400,1
17031832100,26770.43034,5926.589844,17031832100,1
17031020802,44756.89903,4522.793457,17031020802,1
17031020702,45987.11976,4229.255371,17031020702,1
17031020801,42332.71482,3323.604004,17031020801,1
17031040202,40020.33989,4798.631348,17031040202,1
17031040201,37662.93611,3428.671143,17031040201,1
17031040402,35852.48138,3040.182129,17031040402,1
17031031501,31842.2824,10060.91113,17031031501,1
17031081201,6298.83765,10592.25195,17031081201,1
17031063301,19637.06817,11652.8457,17031063301,1
17031490901,67792.37833,1553.675415,17031490901,1
17031490902,65176.22354,1499.701538,17031490902,1
17031301801,32738.41506,2192.345459,17031301801,1
17031700301,57198.70646,1743.45044,17031700301,1
17031301702,29558.32319,4805.917969,17031301702,1
17031700401,54763.81601,1515.85022,17031700401,1
17031803612,142356.1105,2197.754883,17031803612,
17031803702,141759.5857,717.493042,17031803702,
17031804713,140432.9165,1188.397217,17031804713,
17031804309,151834.761,574.09375,17031804309,
17031804510,149171.2109,1615.103027,17031804510,
17031837100,19416.05235,855.5106812,17031837100,1
17031837400,18157.95029,1298.740356,17031837400,1
17031837800,15428.45647,1089.23938,17031837800,1
17031837300,21558.12311,2607.216309,17031837300,1
17031841500,23089.10839,2592.947022,17031841500,1
17031838700,26181.63145,2423.626221,17031838700,1
17031150501,51675.33465,2111.755615,17031150501,1
17031150401,49573.54311,2448.254883,17031150401,1
17031150502,50067.91297,2390.146973,17031150502,1
17031110502,48298.59458,1914.160645,17031110502,1
17031150402,47858.26618,2232.072754,17031150402,1
17031140302,42126.14926,3778.838623,17031140302,1
17031140301,41093.0138,6333.420898,17031140301,1
17031700302,59457.34297,1656.146484,17031700302,1
17031580501,29879.00645,4055.173828,17031580501,1
17031580502,31367.27492,4172.943359,17031580502,1
17031730201,57097.51045,2174.561768,17031730201,1
17031301802,30387.56512,3777.085449,17031301802,1
17031440101,49086.0863,4270.482422,17031440101,1
17031301701,28892.49826,4993.436523,17031301701,1
17031804509,152900.3125,1076.761475,17031804509,
17031804511,148295.7822,1022.650574,17031804511,
17031804609,125859.9597,615.2324829,17031804609,
17031804608,132837.6307,572.7572632,17031804608,
17031806202,90942.44775,1601.884522,17031806202,
17031839100,1436.911331,2884.740967,17031839100,1
17031833100,8084.72281,3970.795898,17031833100,1
17031838100,12065.46045,857.1313477,17031838100,1
17031833300,8124.799047,2354.832031,17031833300,1
17031838200,13603.519,561.5874634,17031838200,1
17031140702,37851.79592,5002.42334,17031140702,1
17031140602,39442.57256,5062.245606,17031140602,1
17031140701,38708.16949,4706.492188,17031140701,1
17031160502,35529.59485,4097.308594,17031160502,1
17031160602,33624.48383,2354.330811,17031160602,1
17031151002,39326.21785,2779.510742,17031151002,1
17031151001,40940.71081,3312.396484,17031151001,1
17031190402,43601.87862,3124.688721,17031190402,1
17031431301,50259.23593,3429.837158,17031431301,1
17031431302,48353.18721,3839.535889,17031431302,1
17031460302,52725.18561,1952.511597,17031460302,1
17031460301,55227.06487,2374.286377,17031460301,1
17031700501,52319.91724,1597.298706,17031700501,1
17031700502,54729.96699,667.1669922,17031700502,1
17031210601,30708.63729,3832.479981,17031210601,1
17031812302,47670.68546,1527.7323,17031812302,
17031812802,46182.01343,2624.738281,17031812802,
17031812801,47607.99123,4119.360352,17031812801,
17031812301,46601.1802,3183.871826,17031812301,
17031813802,36580.17506,3274.684815,17031813802,
17031813701,35860.09596,2247.077393,17031813701,
17031820603,74972.08459,796.5043945,17031820603,
17031841100,11446.88189,2541.216797,17031841100,1
17031840200,14788.88782,1166.377686,17031840200,1
17031841300,20441.72753,1197.280396,17031841300,1
17031840700,21004.75094,2779.921875,17031840700,1
17031841700,23346.2353,2183.235107,17031841700,1
17031190602,42369.70554,3340.942627,17031190602,1
17031190401,45969.39738,2546.931641,17031190401,1
17031190702,39746.34756,4984.372559,17031190702,1
17031191302,41343.39132,3021.047607,17031191302,1
17031190601,44796.4417,2451.259033,17031190601,1
17031191301,43837.34087,2981.657715,17031191301,1
17031200402,31006.4085,4189.774902,17031200402,1
17031200401,32968.17972,3586.753174,17031200401,1
17031220902,29653.56915,3457.947754,17031220902,1
17031210501,32771.80426,4383.057129,17031210501,1
17031160601,34956.55245,3977.319092,17031160601,1
17031061901,22763.17973,8728.673828,17031061901,1
17031840800,26385.13539,3913.094482,17031840800,1
17031030703,36286.33096,5985.929688,17031030703,1
17031081403,6105.946478,11468.53027,17031081403,1
17031030702,36783.24025,40380.35938,17031030702,1
17031440102,51871.66611,2234.780273,17031440102,1
17031440202,51589.37969,1740.633911,17031440202,1
17031824113,120589.0393,318.7981262,17031824113,
17031825304,122224.5624,648.2132568,17031825304,
17031830008,150658.2293,141.644165,17031830008,
17031803012,138038.7133,586.3285522,17031803012,
17031802607,114445.4518,319.5743103,17031802607,
17031830500,32339.19215,444.7089539,17031830500,1
17031840100,14939.79684,3511.557129,17031840100,1
17031840400,20620.43263,1330.316895,17031840400,1
17031839200,14614.83334,1630.361084,17031839200,1
17031835500,23923.45502,668.9437866,17031835500,1
17031804404,177574.1066,640.972168,17031804404,
17031804804,142300.9627,542.6462402,17031804804,
17031070101,17748.75276,3025.024902,17031070101,1
17031110501,50370.35911,2333.72876,17031110501,1
17031030104,42731.83289,12290.92578,17031030104,1
17031081401,5245.652893,3435.494629,17031081401,1
17031430102,44770.7648,2638.583984,17031430102,
17031770902,65223.18863,1239.026733,17031770902,
17031824121,118962.572,696.3895874,17031824121,
17031430101,43370.19674,4827.90625,17031430101,1
17031804109,131730.2788,501.818512,17031804109,
17031804611,129723.0544,702.3154297,17031804611,
17031824004,113190.5524,91.3476868,17031824004,
17031824006,121645.2401,129.0152283,17031824006,
17031252101,38737.91084,700.6731567,17031252101,1
17031010501,47508.37927,8031.919434,17031010501,1
17031020701,43503.02704,1226.410034,17031020701,1
17031010201,50918.6852,5309.504883,17031010201,1
17031760801,69749.72287,1307.28894,17031760801,1
17031839000,4089.418125,8289.551758,17031839000,1
17031440201,48951.50103,3670.767334,17031440201,1
17031540101,84765.46192,497.1439819,17031540101,1
17031802004,91895.22686,2112.104736,17031802004,
17031802003,93301.53977,603.9421997,17031802003,
17031803013,133470.5772,1063.855225,17031803013,
17031802608,118325.237,593.0823364,17031802608,
17031803015,122333.4387,540.6780396,17031803015,
17031803014,119094.7078,1120.886108,17031803014,
17031834000,56305.31084,1439.969482,17031834000,1
17031833900,58834.5891,1328.515137,17031833900,1
17031221000,27785.5359,4266.026856,17031221000,1
17031221100,26662.27083,3894.719238,17031221100,1
17031242800,17521.83963,1323.16272,17031242800,1
17031242900,15886.164,2338.750977,17031242900,1
17031243000,14602.7635,2657.008057,17031243000,1
17031243100,13328.93098,2679.331055,17031243100,1
17031243200,12069.75236,2725.897705,17031243200,1
17031243300,10822.76824,2868.804932,17031243300,1
17031243400,9604.487929,3385.243164,17031243400,1
17031071400,14677.01446,2990.029297,17031071400,1
17031110400,51558.02653,1868.893189,17031110400,1
17031150600,46323.82773,2283.560791,17031150600,1
17031150700,44111.50117,2580.924316,17031150700,1
17031150800,41943.06271,2862.953125,17031150800,1
17031151100,42626.37911,3002.272949,17031151100,1
17031151200,44905.1175,2284.497559,17031151200,1
17031241500,15239.78662,3769.738037,17031241500,1
17031241100,19132.7895,4170.223145,17031241100,1
17031241600,13684.19805,4640.966797,17031241600,1
17031241300,17138.77271,4347.307617,17031241300,1
17031241400,15687.57616,3924.565918,17031241400,1
17031243500,7835.918791,2784.182617,17031243500,1
17031250200,35400.81358,2148.808838,17031250200,1
17031250300,37991.73224,2957.615479,17031250300,1
17031250400,41797.37217,1707.950195,17031250400,1
17031250500,47582.27794,1369.623657,17031250500,1
17031071500,12032.76657,2706.712891,17031071500,1
17031071800,12917.97542,3165.636963,17031071800,1
17031080100,9349.318008,9289.151367,17031080100,1
17031080300,9588.7187,5871.619629,17031080300,1
17031080400,9977.507021,5389.404297,17031080400,1
17031160100,43493.58907,1589.175781,17031160100,1
17031160200,41164.079,1322.317017,17031160200,1
17031160300,39302.60077,3413.677002,17031160300,1
17031160400,37788.24438,2850.376953,17031160400,1
17031160700,32148.42666,2875.947998,17031160700,1
17031221300,24293.76744,3580.483643,17031221300,1
17031221500,22314.31467,3682.725342,17031221500,1
17031221400,23086.63145,3680.259766,17031221400,1
17031250600,39896.92138,2504.547119,17031250600,1
17031250700,37303.07214,3457.179199,17031250700,1
17031250800,34869.30025,1633.433106,17031250800,1
17031251000,32518.51439,888.6295166,17031251000,1
17031251100,34419.65538,3473.926025,17031251100,1
17031051400,24419.09433,2777.820557,17031051400,1
17031060100,29535.36271,3355.542236,17031060100,1
17031060300,27722.44563,3712.292725,17031060300,1
17031060800,26585.31601,11261.6123,17031060800,1
17031160800,34024.46235,2933.05127,17031160800,1
17031819200,60773.33522,959.2997437,17031819200,
17031815600,55176.92297,663.6422119,17031815600,
17031818000,63672.16963,485.6893921,17031818000,
17031812000,52451.12501,767.3805542,17031812000,
17031829402,146074.6077,219.4710693,17031829402,
17031320101,3086.644575,7900.250488,17031320101,1
17031829904,127973.5231,144.1360931,17031829904,
17031804204,176532.8285,32.8471985,17031804204,
17031804316,164516.3596,597.5907593,17031804316,
17031804514,169821.2842,271.1213379,17031804514,
17031330103,9333.287018,6246.694824,17031330103,1
17031380600,22537.79768,1816.131714,17031380600,1
17031330102,6750.956292,10359.37402,17031330102,1
17031330101,9207.26116,941.3529053,17031330101,1
17031460800,57042.81057,2055.890137,17031460800,1
17031806005,84561.96289,2151.366943,17031806005,
17031806006,86293.79467,2881.935303,17031806006,
17031804203,163418.2193,89.6558151,17031804203,
17031803614,139523.058,2341.65332,17031803614,
17031803616,148297.7991,593.8193359,17031803616,
17031809402,62678.38146,3828.815674,17031809402,
17031828508,133621.7791,260.9115295,17031828508,
17031828507,130534.487,339.4919739,17031828507,
17031824126,127335.7286,702.1663818,17031824126,
17031824508,106612.0111,394.6315308,17031824508,
17031824509,103638.9693,549.3694458,17031824509,
17031824127,127723.7865,465.8808289,17031824127,
17031824125,122213.3321,835.8973999,17031824125,
17031824124,119976.9099,717.9835815,17031824124,
17031824129,126509.1549,236.0754852,17031824129,
17031824128,130858.2337,214.1536255,17031824128,
17031829903,123707.2456,693.4473877,17031829903,
17031804313,179117.5304,628.5601196,17031804313,
17031804312,168085.3773,105.3355637,17031804312,
17031820203,91927.55329,252.8425751,17031820203,
17031820204,84692.92282,243.1496735,17031820204,
17031630600,33811.26297,1138.045044,17031630600,1
17031490200,57283.13257,1348.093628,17031490200,1
17031612200,28890.72686,1693.006958,17031612200,1
17031844700,25040.64348,2249.614258,17031844700,1
17031844600,24974.34288,1577.137695,17031844600,1
17031803613,141265.2475,1680.901978,17031803613,
17031803615,152647.4098,789.4135742,17031803615,
17031804314,166741.1221,99.3352203,17031804314,
17031804512,169124.3585,414.9631958,17031804512,
17031804315,160590.2104,888.3790894,17031804315,
17031804513,169071.454,313.7608948,17031804513,
17031320102,1496.766699,4123.418945,17031320102,1
17031809401,59903.94669,1583.651856,17031809401,
17031220701,30239.56139,4231.15332,17031220701,1
17031063302,19551.23436,14577.03418,17031063302,1
17031252201,33960.13967,2933.995117,17031252201,1
17031660302,40687.91444,4354.926758,17031660302,1
17031660301,41848.00636,4360.063965,17031660301,1
17031730202,56941.30211,1279.601563,17031730202,1
17031813302,32677.35152,2300.89917,17031813302,
17031813702,33819.96718,4324.846191,17031813702,
17031813301,35281.36503,2164.961426,17031813301,
17031802403,129620.8087,1052.52417,17031802403,
17031803016,130759.8816,933.3504028,17031803016,
17031803701,144265.1246,703.293396,17031803701,
17031804108,134869.0313,1524.955566,17031804108,
17031804715,140997.9701,1557.529541,17031804715,
17031835600,29203.53866,377.7941284,17031835600,1
17031840000,18623.36606,2034.419067,17031840000,1
17031836400,23761.21755,1749.06958,17031836400,1
17031836100,30014.64158,849.1837769,17031836100,1
17031834600,34540.98509,582.3772583,17031834600,1
17031843600,27847.48888,2901.845947,17031843600,1
17031061902,23074.39349,6514.443848,17031061902,
17031030102,41315.82397,10630.07129,17031030102,1
17031030103,42005.93693,9374.75,17031030103,
17031030706,36416.31779,2884.993897,17031030706,1
17031030601,39698.19534,8487,17031030601,1
17031081202,8973.430455,6341.991211,17031081202,
17031063303,19348.08782,2078.540527,17031063303,1
17031220901,28889.21776,3820.674561,17031220901,1
17031210602,29962.36866,4198.171387,17031210602,1
17031220602,28784.19087,4149.814941,17031220602,1
17031220601,28200.06625,3337.069824,17031220601,1
17031040401,36509.25168,3130.654541,17031040401,1
17031252202,31913.7166,2896.304932,17031252202,1
17031252102,36062.03165,3560.406738,17031252102,1
17031770601,93420.08312,456.2924805,17031770601,
17031806103,100653.323,750.3034058,17031806103,
17031802610,107183.8705,529.3490601,17031802610,
17031802609,110006.7283,2492.666992,17031802609,
17031804610,126414.1813,595.0608521,17031804610,
17031770201,114169.3843,809.0769653,17031770201,
17031804308,151922.8451,934.3754272,17031804308,
17031820605,76197.86645,1088.74585,17031820605,
17031836300,30121.41592,4187.750488,17031836300,1
17031834500,34196.91839,1467.876709,17031834500,1
17031836000,25119.28998,1784.450562,17031836000,1
17031836200,34081.23482,1033.112915,17031836200,1
17031834400,39184.28641,2477.928223,17031834400,1
17031834300,50535.28155,1259.988159,17031834300,1
17031825600,107008.6371,317.3318787,17031825600,
17031811302,64361.92191,344.2704468,17031811302,
17031802802,110222.4512,755.3452148,17031802802,
17031829700,141278.3859,69.9494019,17031829700,
17031830003,139732.3246,276.3459778,17031830003,
17031823703,77192.15482,643.0046387,17031823703,
17031829800,124612.3768,510.0160522,17031829800,
17031804607,123150.189,755.4276733,17031804607,
17031823901,96723.93993,132.3252716,17031823901,
17031804709,137519.472,863.6594238,17031804709,
17031826800,89547.2998,223.3397217,17031826800,
17031710300,47476.82162,1677.948364,17031710300,1
17031160900,35861.48268,1414.342896,17031160900,1
17031161000,37451.75875,1718.660889,17031161000,1
17031161100,38976.24934,1298.198731,17031161100,1
17031161200,37427.76345,2101.998535,17031161200,1
17031161300,35819.90287,3024.533691,17031161300,1
17031170100,52892.5954,773.7926025,17031170100,1
17031221600,21227.82535,3720.348633,17031221600,1
17031242100,13198.47273,4679.358398,17031242100,1
17031242000,12070.56674,5542.6875,17031242000,1
17031251200,36720.17692,2278.854004,17031251200,1
17031251300,39342.35763,3011.374756,17031251300,1
17031051300,23686.70017,3483.566406,17031051300,1
17031600700,17478.56958,2236.162598,17031600700,1
17031600900,17943.62332,3717.431152,17031600900,1
17031821200,78752.95307,739.8532715,17031821200,
17031672000,45556.72907,1317.709351,17031672000,1
17031710900,51033.83913,756.4594727,17031710900,1
17031711000,52153.80371,1803.887207,17031711000,1
17031711100,52561.56343,1475.111816,17031711100,1
17031711200,52777.35576,1641.381836,17031711200,1
17031711500,54548.01617,1410.132568,17031711500,1
17031711300,55148.08853,1612.289673,17031711300,1
17031711400,54431.10202,1240.119873,17031711400,1
17031270500,24649.36034,1113.275757,17031270500,1
17031271200,20753.18705,1371.682861,17031271200,1
17031271300,22082.62768,1249.675537,17031271300,1
17031271400,23409.23299,1804.364502,17031271400,1
17031350100,15536.19544,1514.429199,17031350100,1
17031350400,14567.33353,2897.098145,17031350400,1
17031351000,18152.60234,1710.578369,17031351000,1
17031351400,19882.66178,1658.590454,17031351400,1
17031360200,20620.46362,2746.401611,17031360200,1
17031430400,44789.76794,2136.026856,17031430400,1
17031430600,45473.77415,1933.71106,17031430600,1
17031430800,46739.58443,2190.781982,17031430800,1
17031430500,44671.60592,4613.989746,17031430500,1
17031430900,45963.45584,2061.23291,17031430900,1
17031610300,27223.18077,876.0740356,17031610300,1
17031681000,39037.32103,1522.188843,17031681000,1
17031681100,41651.14094,1699.744629,17031681100,1
17031680500,33960.28976,1543.499268,17031680500,1
17031803400,116861.6632,826.9398193,17031803400,
17031803500,121762.7791,758.8694458,17031803500,
17031803604,144185.5138,645.0577393,17031803604,
17031680900,38531.03085,1335.275513,17031680900,1
17031803607,135646.524,734.9371338,17031803607,
17031809500,62156.40927,2374.574219,17031809500,
17031809600,62516.74326,985.3831177,17031809600,
17031809700,60005.82456,1083.540283,17031809700,
17031809800,58859.47418,1729.262207,17031809800,
17031809900,58208.30351,1535.827759,17031809900,
17031810000,53653.12536,1961.090576,17031810000,
17031825501,113240.1328,369.2850037,17031825501,
17031720100,57672.00169,656.7832642,17031720100,1
17031824400,92177.07065,247.51297,17031824400,
17031720200,62419.9757,953.4180908,17031720200,1
17031720300,62685.94265,1110.004883,17031720300,1
17031720400,64681.86536,1141.209473,17031720400,1
17031720500,67372.94392,772.6170654,17031720500,1
17031720600,66660.64776,1120.805908,17031720600,1
17031720700,65952.38743,1129.845093,17031720700,1
17031040600,34550.04147,2948.085938,17031040600,1
17031040700,35842.58937,3865.82251,17031040700,1
17031040800,34449.38187,2900.536133,17031040800,1
17031816900,71656.45438,1459.875855,17031816900,
17031817000,66720.50863,978.03302,17031817000,
17031817101,68250.86329,1781.201538,17031817101,
17031817102,64887.05257,790.2513428,17031817102,
17031825801,91404.8881,563.4428101,17031825801,
17031825802,94919.25908,1511.441406,17031825802,
17031825803,97370.47317,1306.364624,17031825803,
17031825900,97630.68968,788.9152222,17031825900,
17031826000,97533.61732,524.8927612,17031826000,
17031380100,22983.56354,1944.768555,17031380100,1
17031380200,22610.53668,4320.587402,17031380200,1
17031431200,48629.50061,1707.060181,17031431200,1
17031431400,49638.06648,2389.315186,17031431400,
17031803902,128360.064,601.180542,17031803902,
17031804000,126928.6489,726.0461426,17031804000,
17031804104,154047.7075,656.1654053,17031804104,
17031810100,56227.17058,2389.237549,17031810100,
17031810200,53545.90088,2717.374756,17031810200,
17031810301,56004.11657,917.5606689,17031810301,
17031050100,30694.17117,2962.185547,17031050100,1
17031610800,25384.05923,1755.300049,17031610800,1
17031611300,30060.60229,4329.42627,17031611300,1
17031611400,30576.92485,4416.405762,17031611400,1
17031611500,31170.87832,2728.605957,17031611500,1
17031611900,31899.80696,1250.567871,17031611900,1
17031681200,41179.93089,1142.84668,17031681200,1
17031810302,56771.51087,1658.883667,17031810302,
17031810400,67075.53419,900.2371216,17031810400,
17031810701,53145.32825,2981.880615,17031810701,
17031810702,53667.49949,2201.779785,17031810702,
17031810600,54798.48837,1244.699707,17031810600,
17031817200,61797.85557,1705.83374,17031817200,
17031817400,57503.98985,1288.071655,17031817400,
17031817600,57583.60317,1427.15332,17031817600,
17031691200,46464.55934,876.2337036,17031691200,1
17031691100,43801.28866,1702.244751,17031691100,1
17031730100,57180.47939,1446.579712,17031730100,1
17031730300,57170.94263,1357.751709,17031730300,1
17031730400,60173.03106,1016.956055,17031730400,1
17031817700,61155.63628,1275.280396,17031817700,
17031818100,67976.31405,674.5705566,17031818100,
17031826100,103358.8875,648.3955688,17031826100,
17031826301,97325.70616,614.5142212,17031826301,
17031826303,98333.52104,1008.142212,17031826303,
17031826304,96927.85331,869.8806152,17031826304,
17031730500,61154.64548,1236.27063,17031730500,1
17031730600,62733.77673,1246.99585,17031730600,1
17031802801,115602.3439,664.8779907,17031802801,
17031381200,26999.06511,3100.803223,17031381200,1
17031381400,27120.41945,2189.061279,17031381400,1
17031381700,27822.61265,35.3045197,17031381700,1
17031440300,50401.2686,1393.956909,17031440300,1
17031804706,144532.111,583.6973877,17031804706,
17031804710,141046.2954,751.6433105,17031804710,
17031810800,55748.69714,1998.207764,17031810800,
17031810900,51255.72656,2303.655762,17031810900,
17031811000,53732.01495,1046.020508,17031811000,
17031612000,31374.46387,1714.971314,17031612000,1
17031612100,31091.01408,1381.456543,17031612100,1
17031620100,39262.63715,2104.701172,17031620100,1
17031620200,41926.92424,1598.689941,17031620200,1
17031620300,43808.6921,2493.753662,17031620300,1
17031620400,41707.87091,2956.689453,17031620400,1
17031810501,61081.76697,898.9754639,17031810501,
17031810502,57254.92183,1152.273438,17031810502,
17031812200,46292.41141,1037.262085,17031812200,
17031818200,67752.9424,918.6705322,17031818200,
17031818402,72806.27088,994.3432617,17031818402,
17031818800,64939.02711,1206.167236,17031818800,
17031818900,68122.85568,1170.291748,17031818900,
17031826402,93063.00365,901.7702026,17031826402,
17031826600,89487.53913,1172.717041,17031826600,
17031826700,89544.73308,1583.68457,17031826700,
17031826901,95586.65592,430.4916992,17031826901,
17031826902,97812.28773,687.4682617,17031826902,
17031730700,65450.10316,891.0571289,17031730700,1
17031740100,70005.8861,1400.518311,17031740100,1
17031740200,68615.93335,1146.467285,17031740200,1
17031740300,71756.79782,1423.028809,17031740300,1
17031740400,75216.41456,638.3920898,17031740400,1
17031803005,134662.0147,330.7566833,17031803005,
17031803007,130322.0693,774.7713013,17031803007,
17031381800,28496.27974,1767.027344,17031381800,1
17031381900,28648.3391,2472.152344,17031381900,1
17031390100,26768.17398,1241.751465,17031390100,1
17031390200,26236.89114,2392.559326,17031390200,1
17031390300,25833.31107,3088.698731,17031390300,1
17031390400,28419.71362,3396.217041,17031390400,1
17031390500,28728.69182,1969.490234,17031390500,1
17031390600,29098.55858,2370.965088,17031390600,1
17031390700,30134.00967,4144.070801,17031390700,
17031804711,149821.3575,1412.164673,17031804711,
17031804806,145920.5725,1259.61499,17031804806,
17031804808,138281.7918,654.4308472,17031804808,
17031804809,137186.7369,716.9098511,17031804809,
17031812400,44810.53205,960.9379883,17031812400,
17031812500,41832.32465,1474.075928,17031812500,
17031440600,54428.76524,1155.766602,17031440600,1
17031440900,56068.16706,1279.684326,17031440900,1
17031440700,53845.40287,1764.613159,17031440700,1
17031440800,55128.49197,2240.302734,17031440800,1
17031819300,65018.07487,1040.587769,17031819300,
17031819400,65984.37337,1329.758667,17031819400,
17031819500,69790.21256,963.7184448,17031819500,
17031630300,37460.67367,2109.221191,17031630300,1
17031630500,35037.94981,3680.639893,17031630500,1
17031630800,38684.04089,3908.763916,17031630800,1
17031630900,40131.92583,3044.649414,17031630900,1
17031640100,47575.86184,1657.948608,17031640100,1
17031640300,53653.06742,1955.286133,17031640300,1
17031819600,71334.8021,1068.997559,17031819600,
17031827000,93249.51135,786.1091919,17031827000,
17031827100,96279.43016,542.4631348,17031827100,
17031827200,98422.80859,363.0330811,17031827200,
17031827300,99564.09952,538.5630493,17031827300,
17031750100,68129.75045,1121.793579,17031750100,1
17031750200,68909.46474,890.2719116,17031750200,1
17031750300,69816.6649,1440.727295,17031750300,1
17031750400,73209.63531,1127.882935,17031750400,1
17031750500,72869.76097,822.6130981,17031750500,1
17031804901,105105.3075,934.8243408,17031804901,
17031804902,101605.0028,830.1401978,17031804902,
17031805001,108592.9441,621.2550049,17031805001,
17031805002,105567.6499,1518.760132,17031805002,
17031819801,77778.45226,946.9581299,17031819801,
17031819802,79110.40938,609.3292847,17031819802,
17031819900,81270.22198,648.776123,17031819900,
17031820000,83358.95578,497.1687012,17031820000,
17031827400,101308.7521,437.7099304,17031827400,
17031827600,106093.2478,513.0349121,17031827600,
17031282700,17072.41914,2247.654785,17031282700,1
17031282800,16174.64004,3836.427246,17031282800,1
17031400300,32595.68697,418.9986572,17031400300,1
17031400500,33131.59097,2807.28125,17031400500,1
17031400800,36140.8309,2486.652588,17031400800,1
17031410100,32113.53093,3970.068115,17031410100,
17031410500,31317.84829,4288.383301,17031410500,1
17031410600,31566.62074,3628.242432,17031410600,1
17031460100,55448.62055,369.844696,17031460100,1
17031805105,123712.565,958.2770386,17031805105,
17031827700,109624.0684,691.6010742,17031827700,
17031827802,102969.7482,696.8139038,17031827802,
17031827804,106706.4199,808.4949951,17031827804,
17031450300,52688.04185,918.4215698,17031450300,1
17031460200,55718.78834,1252.624634,17031460200,1
17031805106,120054.3904,629.9193726,17031805106,
17031805107,112242.3473,825.9945068,17031805107,
17031805108,109730.1341,1644.291504,17031805108,
17031640400,57760.78875,980.2201538,17031640400,1
17031640500,59001.67748,2271.970703,17031640500,1
17031640600,54999.07579,2377.114502,17031640600,1
17031640700,51245.01504,1937.366455,17031640700,1
17031640800,49564.91175,2125.091309,17031640800,1
17031650100,43821.7102,2731.259033,17031650100,1
17031650200,45843.72628,2824.09668,17031650200,1
17031811401,68803.58764,1325.213867,17031811401,
17031811301,70712.86791,629.4016113,17031811301,
17031750600,70743.09151,1002.863953,17031750600,1
17031812600,41415.05298,2391.369141,17031812600,
17031803008,126867.8772,731.1965332,17031803008,
17031805110,115083.3281,883.7793579,17031805110,
17031805111,101770.8751,778.4584351,17031805111,
17031805112,97472.0061,448.671936,17031805112,
17031805201,85469.50721,732.2658691,17031805201,
17031820300,58861.46233,1553.23938,17031820300,
17031820400,62172.04709,848.9272461,17031820400,
17031820902,57804.9598,859.8132935,17031820902,
17031821001,67717.99042,1017.903076,17031821001,
17031827805,108818.4248,399.0176086,17031827805,
17031828000,114895.2046,823.9904175,17031828000,
17031828100,118732.7138,833.078064,17031828100,
17031828202,118120.5687,735.9087524,17031828202,
17031283100,10952.02678,4843.875488,17031283100,1
17031283800,9803.699248,3429.738525,17031283800,1
17031410700,31882.78814,3562.647461,17031410700,1
17031410800,32291.15151,4630.081543,17031410800,1
17031829000,135406.1745,147.5400238,17031829000,
17031410900,33618.86056,3654.624023,17031410900,
17031411000,35989.48288,2019.289673,17031411000,
17031411100,34887.2687,3241.144531,17031411100,1
17031411200,34519.81239,1640.780151,17031411200,1
17031460400,53017.70824,2017.770996,17031460400,1
17031460500,51435.33227,1631.97168,17031460500,1
17031461000,60480.80001,1003.027466,17031461000,1
17031829200,135908.763,811.4326782,17031829200,
17031829301,132835.1262,464.0036011,17031829301,
17031829302,137768.2594,729.9984741,17031829302,
17031829401,140551.681,368.6029358,17031829401,
17031805202,82376.57219,1003.927429,17031805202,
17031805301,79119.1431,1307.963013,17031805301,
17031805302,79351.24233,964.5380249,17031805302,
17031805401,77113.83661,599.4367065,17031805401,
17031770400,107652.5419,326.2913513,17031770400,
17031800100,99023.14807,291.7269897,17031800100,
17031800300,91105.25311,431.2479858,17031800300,
17031812900,45719.17641,1674.101807,17031812900,
17031813000,41732.58535,1823.366699,17031813000,
17031813100,42209.39176,1819.18457,17031813100,
17031800500,85302.82428,583.4193115,17031800500,
17031821101,63915.63892,1094.186279,17031821101,
17031821102,60536.9609,829.6554565,17031821102,
17031821300,83699.84966,1206.286499,17031821300,
17031821002,65290.3411,1003.892578,17031821002,
17031828401,114850.1598,366.6376038,17031828401,
17031828402,114393.6714,368.8922119,17031828402,
17031828504,147516.846,200.0324707,17031828504,
17031420100,38410.94711,832.8180542,17031420100,1
17031420200,37052.4774,2479.490479,17031420200,1
17031420400,36569.92385,2431.317627,17031420400,1
17031420700,38614.84476,1792.547607,17031420700,1
17031805402,73494.72806,1068.200928,17031805402,
17031805501,76098.16247,762.78479,17031805501,
17031829600,148853.6955,729.5332031,17031829600,
17031420800,38830.40329,2728.405762,17031420800,1
17031470100,56640.63348,613.8482056,17031470100,1
17031480100,55283.17099,1170.959595,17031480100,1
17031480200,54465.82983,1488.102417,17031480200,1
17031480300,56686.42522,1251.585693,17031480300,1
17031480400,57685.291,1204.976318,17031480400,1
17031805502,72686.46244,896.5331421,17031805502,
17031805600,70650.91957,961.4761353,17031805600,
17031830001,146144.445,355.0652466,17031830001,
17031830006,141977.1499,168.935257,17031830006,
17031650400,49000.07004,2414.354004,17031650400,1
17031650500,52080.81523,523.3308716,17031650500,1
17031660400,42330.20527,3402.967041,17031660400,1
17031800600,78993.13769,608.9154663,17031800600,
17031801000,75269.07007,813.0170898,17031801000,
17031801100,74333.92463,1003.759399,17031801100,
17031801200,75821.94016,723.8202515,17031801200,
17031811402,69248.20417,1090.605713,17031811402,
17031813400,38630.20714,2632.767334,17031813400,
17031813200,46364.41264,1584.523926,17031813200,
17031821401,79030.90025,1297.219238,17031821401,
17031805702,71899.40399,481.0768127,17031805702,
17031805802,76830.82323,1126.154907,17031805802,
17031821402,80306.08602,736.6069336,17031821402,
17031821600,58698.76162,493.4123535,17031821600,
17031821700,63268.39928,1209.255859,17031821700,
17031290900,29429.24482,1539.745239,17031290900,1
17031291200,24260.9336,2680.930176,17031291200,1
17031421200,40853.60185,1664.87085,17031421200,1
17031806001,88651.81556,1223.348877,17031806001,
17031801300,72542.52628,912.5743408,17031801300,
17031801400,78511.03216,786.3759766,17031801400,
17031801603,101129.2887,198.8561707,17031801603,
17031801701,106631.0086,684.8739014,17031801701,
17031806004,82691.13468,1082.714722,17031806004,
17031806300,93905.02338,899.2669067,17031806300,
17031806400,87768.63394,841.0593262,17031806400,
17031806501,86704.73168,1232.026001,17031806501,
17031271500,23590.52602,3254.973145,17031271500,1
17031292200,25705.78249,2881.093994,17031292200,1
17031292400,27588.7141,2382.60083,17031292400,1
17031292500,30122.23055,1593.896729,17031292500,1
17031806700,67448.84342,977.7658691,17031806700,
17031806801,70495.19262,740.1183472,17031806801,
17031806802,66606.65303,1378.579956,17031806802,
17031806900,72626.1688,752.4775391,17031806900,
17031807000,68699.62908,1993.941406,17031807000,
17031801901,91062.4374,495.0418396,17031801901,
17031801902,85759.3006,415.7471924,17031801902,
17031802100,85522.18271,781.2011719,17031802100,
17031802200,82170.18559,421.7232971,17031802200,
17031271800,19675.31211,1828.939819,17031271800,1
17031280100,4351.170007,4924.234375,17031280100,1
17031280400,12152.05725,946.1801758,17031280400,1
17031300600,27389.24704,3826.102539,17031300600,1
17031300700,26194.83834,5627.092285,17031300700,1
17031301100,22998.92693,4241.116211,17031301100,1
17031301200,21251.62603,3271.600342,17031301200,1
17031480500,59249.64804,845.3327637,17031480500,1
17031490500,59880.39143,540.7373657,17031490500,1
17031520200,65763.17006,1162.81958,17031520200,1
17031520300,70118.30514,2285.741943,17031520300,1
17031520400,70341.71899,2158.110352,17031520400,1
17031520500,73679.07037,1624.66272,17031520500,1
17031520600,74028.80515,896.4573364,17031520600,1
17031660500,44607.53153,2944.390381,17031660500,1
17031660600,42122.32298,3753.285645,17031660600,1
17031660700,41988.72609,1667.084839,17031660700,1
17031660800,43320.20012,3600.915527,17031660800,1
17031660900,45692.21705,947.4076538,17031660900,1
17031661000,46476.15532,1985.597412,17031661000,1
17031802300,92924.17714,442.6193848,17031802300,
17031802402,123120.7992,394.9428101,17031802402,
17031802503,127043.6969,1282.590698,17031802503,
17031802504,124173.9578,730.5062866,17031802504,
17031280900,15713.28498,3624.776611,17031280900,1
17031301600,27505.62433,5851.200195,17031301600,1
17031490600,59736.23644,815.3795776,17031490600,1
17031490700,62374.34738,1602.373169,17031490700,1
17031490800,62479.39302,1250.444702,17031490800,1
17031491000,66372.08568,1149.868408,17031491000,1
17031491100,66432.50538,1191.039917,17031491100,1
17031530200,73016.21061,1228.20874,17031530200,1
17031530300,73390.62798,1169.630859,17031530300,1
17031530400,76025.90751,605.7437744,17031530400,1
17031530600,77110.78907,1108.172607,17031530600,1
17031560100,39339.57995,821.6292725,17031560100,1
17031670200,34632.09449,1566.260986,17031670200,1
17031670300,35037.27661,1522.3302,17031670300,1
17031670400,35483.94292,1874.314575,17031670400,1
17031661100,48646.79788,1975.773682,17031661100,1
17031670100,34272.58052,1592.923706,17031670100,1
17031670600,37978.68562,1580.438599,17031670600,1
17031670700,37560.77373,1479.11731,17031670700,1
17031670800,37180.23742,1747.237915,17031670800,1
17031670900,36845.65779,1386.467896,17031670900,1
17031802701,107802.447,804.2606812,17031802701,
17031802702,103492.5606,321.2365417,17031802702,
17031260900,26232.17799,3007.550537,17031260900,1
17031261000,28694.884,1770.518066,17031261000,1
17031281900,4203.14979,6446.015625,17031281900,1
17031310200,10364.69702,1912.101196,17031310200,1
17031310300,11045.3884,2140.998047,17031310300,1
17031310400,11434.54578,4264.354004,17031310400,1
17031310500,12205.5792,3334.696045,17031310500,1
17031491200,70426.39119,1199.913208,17031491200,1
17031491300,70331.43962,1208.727783,17031491300,1
17031491400,70310.46912,1206.091553,17031491400,1
17031500100,61578.5864,516.0396729,17031500100,1
17031500200,66392.40221,319.0185852,17031500200,1
17031500300,70440.54441,863.7988892,17031500300,1
17031560200,41646.67792,996.9956665,17031560200,1
17031560300,43403.584,1920.166016,17031560300,1
17031560700,47146.17303,2121.940674,17031560700,1
17031560800,50270.57115,1660.110718,17031560800,1
17031560900,54622.67771,1495.711182,17031560900,1
17031561000,56156.21331,1542.543457,17031561000,1
17031801702,103673.3559,550.5689697,17031801702,
17031030101,40530.65266,11181.24219,17031030101,1
17031030701,37666.93638,9230.458984,17031030701,1
17031070103,16868.20706,10307.2627,17031070103,1
17031807100,64462.4027,1006.407593,17031807100,
17031807200,62889.94724,939.5968628,17031807200,
17031807300,65282.10978,1462.236694,17031807300,
17031807400,61435.31595,1885.835938,17031807400,
17031807500,59840.2752,1298.653931,17031807500,
17031807700,61213.98944,1398.119751,17031807700,
17031807900,55433.25024,805.2648315,17031807900,
17031808001,54214.40355,697.6274414,17031808001,
17031808002,51368.60015,739.9408569,17031808002,
17031808301,69870.31247,657.5793457,17031808301,
17031808302,66607.31992,1212.242554,17031808302,
17031808600,77908.41445,249.5560913,17031808600,
17031808702,64413.83553,2249.397217,17031808702,
17031770202,118087.4067,178.1848145,17031770202,
17031770602,89080.54937,341.0130615,17031770602,
17031806104,94223.28847,342.915863,17031806104,
17031802506,116459.8389,238.1345215,17031802506,
17031802505,116312.2298,367.8991089,17031802505,
17031802404,129539.0619,1143.25415,17031802404,
17031803017,132766.1416,816.7371216,17031803017,
17031804714,143196.6244,594.897583,17031804714,
17031804403,178368.814,669.2650146,17031804403,
17031804406,177047.2982,344.3964539,17031804406,
17031804716,144635.4099,900.9415283,17031804716,
17031806201,92934.58254,3017.56543,17031806201,
17031820606,81110.74746,428.3758545,17031820606,
17031820604,72565.25013,486.1975403,17031820604,
17031824116,113875.8998,252.6045532,17031824116,
17031824114,118428.2775,332.9683228,17031824114,
17031823806,85762.30193,509.9702148,17031823806,
17031824003,125981.3023,633.0930176,17031824003,
17031824005,132195.3297,208.4637909,17031824005,
17031824122,121669.8897,602.6274414,17031824122,
17031804506,160659.119,424.1646729,17031804506,
17031824119,133226.8745,274.6237488,17031824119,
17031831900,25637.55352,3618.155029,17031831900,1
17031832600,13970.43919,2323.053711,17031832600,1
17031836900,21387.37036,3372.273926,17031836900,1
17031841200,17962.31229,3007.606201,17031841200,1
17031839500,17566.13539,2341.276856,17031839500,1
17031835800,25207.41284,2304.396484,17031835800,1
17031838800,73858.83595,67.0298843,17031838800,1
17031842300,10785.71604,781.9973145,17031842300,1
17031841900,6600.836123,1005.168091,17031841900,1
17031843200,15907.84034,335.2113342,17031843200,1
17031843400,30821.14698,896.4528198,17031843400,1
17031842600,24818.94532,445.334137,17031842600,1
17031803200,127953.3697,777.2904663,17031803200,
17031803300,123134.9143,1112.111572,17031803300,
17031808900,71577.98018,1116.902344,17031808900,
17031809000,69408.07854,1064.359009,17031809000,
17031301803,31373.45092,5615.445313,17031301803,1
17031809100,67951.94819,1060.449707,17031809100,
17031809200,65171.85553,1610.957642,17031809200,
17031809300,66123.32704,1912.740601,17031809300,
17031010300,49982.75577,5150.511719,17031010300,1
17031010400,45732.72879,3572.58252,17031010400,
17031010600,46618.34605,4854.075684,17031010600,1
17031020100,51383.89818,3944.91626,17031020100,1
17031280800,16737.54873,1948.238281,17031280800,1
17031420300,36811.09436,4437.632324,17031420300,1
17031806600,79965.96478,492.4484253,17031806600,
17031806502,84004.71979,648.8191528,17031806502,
17031805902,81218.39048,829.9208984,17031805902,
17031100200,61466.58779,1315.942505,17031100200,1
17031804805,145412.0982,801.8085938,17031804805,
17031020200,52534.2535,2215.374023,17031020200,1
17031804202,159621.246,222.3379211,17031804202,
17031804701,156244.0887,215.9320068,17031804701,
17031803605,140634.4436,846.8294067,17031803605,
17031130200,46597.89555,260.866333,17031130200,1
17031804306,157156.231,856.2058716,17031804306,
17031020400,48782.08542,3081.319092,17031020400,1
17031080202,8777.065791,10505.34668,17031080202,1
17031240200,16070.96,3616.251709,17031240200,1
17031824105,105783.2507,638.8758545,17031824105,
17031611800,32535.65566,2596.42041,17031611800,1
17031060200,30165.8229,2805.142578,17031060200,1
17031221200,25374.86675,3450.882324,17031221200,1
17031826500,91811.95815,613.0036011,17031826500,
17031825302,115172.6185,392.6448059,17031825302,
17031824107,111803.4302,682.9295044,17031824107,
17031830202,143139.7338,413.7836609,17031830202,
17031061200,26169.25647,4269.491211,17031061200,1
17031808200,70035.76589,828.5176392,17031808200,
17031030200,42270.44793,3260.324951,17031030200,1
17031030300,42776.47194,3867.974365,17031030300,1
17031030400,40149.82557,2893.167481,17031030400,1
17031030900,37616.60803,2787.930908,17031030900,1
17031031000,35053.19046,3513.905762,17031031000,1
17031823603,87500.94545,360.3405762,17031823603,
17031980000,83279.56983,0,17031980000,1
17031822400,72658.82961,1028.27478,17031822400,
17031815702,55793.28678,614.3478394,17031815702,
17031600600,16292.63132,2926.334717,17031600600,1
17031817900,59810.21202,645.3895264,17031817900,
17031811900,52550.85841,653.8051147,17031811900,
17031420600,36245.91402,3999.293945,17031420600,1
17031110100,54540.01356,1165.330444,17031110100,1
17031031400,29606.93412,1353.213745,17031031400,1
17031040900,33343.73995,2474.166748,17031040900,1
17031050200,31576.61125,3141.839111,17031050200,1
17031050300,32637.28552,2712.952393,17031050300,1
17031818600,66560.01207,793.3178711,17031818600,
17031804807,141899.3305,852.7479248,17031804807,
17031801800,95426.38778,214.9700775,17031801800,
17031800400,86962.95636,512.470459,17031800400,
17031071700,11865.73247,4005.951904,17031071700,1
17031031800,33151.95386,3135.275391,17031031800,1
17031819000,75750.42922,293.2164001,17031819000,
17031823903,96016.81587,322.842041,17031823903,
17031815701,52624.99437,845.5622559,17031815701,
17031811600,71201.58128,797.0301514,17031811600,
17031802900,121526.8074,513.9638672,17031802900,
17031031700,31949.50798,5088.15918,17031031700,1
17031610400,28227.63485,4799.570801,17031610400,1
17031050600,28295.87409,2837.671631,17031050600,1
17031050500,29249.43116,3026.706299,17031050500,1
17031823904,95094.55173,420.8768921,17031823904,
17031820103,74096.42344,541.4318848,17031820103,
17031805801,81245.66569,532.0272217,17031805801,
17031071600,13129.99146,4267.757813,17031071600,1
17031828505,124752.2663,208.2292023,17031828505,
17031830004,136093.4807,345.0249023,17031830004,
17031828503,139286.1885,182.2057037,17031828503,
17031802002,89186.32454,611.7587891,17031802002,
17031826202,108122.6408,1016.563416,17031826202,
17031671400,41565.12847,1213.390747,17031671400,1
17031801605,111864.5743,481.2677917,17031801605,
17031800700,80246.06839,509.3103638,17031800700,
17031062300,23634.76467,3940.102051,17031062300,1
17031823102,82506.61892,385.5407715,17031823102,
17031630400,36437.52047,4224.462402,17031630400,1
17031818401,75413.87623,203.9606934,17031818401,
17031822802,72526.75782,1085.234253,17031822802,
17031827902,110613.1047,452.4427795,17031827902,
17031829902,128124.9104,194.3151398,17031829902,
17031010100,52066.31527,4988.867188,17031010100,1
17031680600,36555.81055,1377.448242,17031680600,1
17031803010,137200.2835,798.8544312,17031803010,
17031804505,154441.7293,496.1126404,17031804505,
17031804606,123093.7659,546.2163086,17031804606,
17031804712,147101.0389,888.6387329,17031804712,
17031807800,61070.05843,436.0085754,17031807800,
17031808400,75769.28679,565.7183838,17031808400,
17031811100,58658.35804,709.0695801,17031811100,
17031030500,39704.01003,3861.042969,17031030500,1
17031820501,68648.41655,342.5085449,17031820501,
17031814700,46905.46886,2479.119629,17031814700,
17031819100,56218.63114,689.850769,17031819100,
17031828801,127016.7702,459.0909119,17031828801,
17031020500,46159.96585,3300.958008,17031020500,1
17031081300,6272.721351,10552.06836,17031081300,1
17031081000,6804.288479,11297.28418,17031081000,1
17031130100,47189.79217,1092.135132,17031130100,1
17031170200,48572.46558,2253.182861,17031170200,1
17031170300,52169.91003,1439.258667,17031170300,1
17031170400,55989.01033,2078.493652,17031170400,1
17031170500,60158.30534,1332.850952,17031170500,1
17031170600,59369.50833,1738.045166,17031170600,1
17031170700,57238.3011,2043.025635,17031170700,1
17031170800,54794.27395,2007.867676,17031170800,1
17031251400,38950.2858,2236.240479,17031251400,1
17031260300,28752.62911,1791.71106,17031260300,1
17031260500,30052.46269,2096.079834,17031260500,1
17031260600,28721.0168,2559.4104,17031260600,1
17031260700,27398.30063,1982.758301,17031260700,1
17031260800,26066.13404,2664.901367,17031260800,1
17031050700,26531.45253,3554.020752,17031050700,1
17031050900,27903.63569,3382.635742,17031050900,1
17031051000,26813.64163,3562.663574,17031051000,1
17031051100,26067.05602,3793.524414,17031051100,1
17031051200,25371.64099,3708.76416,17031051200,1
17031170900,53854.20096,2001.166626,17031170900,1
17031171000,50899.74973,2026.374023,17031171000,1
17031171100,47228.04899,2453.977783,17031171100,1
17031180100,50346.24525,2404.835938,17031180100,1
17031190100,37258.4014,2838.702148,17031190100,1
17031222200,19695.82143,3601.51294,17031222200,1
17031222500,23144.50025,3399.346436,17031222500,1
17031222600,24274.67012,3843.079834,17031222600,1
17031251500,36304.71508,2450.574951,17031251500,1
17031251600,33998.14254,2827.644775,17031251600,1
17031251700,32013.8374,1068.399536,17031251700,1
17031251800,32767.12143,1973.44397,17031251800,1
17031251900,36087.63801,3287.810059,17031251900,1
17031252000,38751.07865,3489.236328,17031252000,1
17031130300,44716.17641,2720.884522,17031130300,1
17031190200,38939.44525,3305.022705,17031190200,1
17031190300,41255.9179,3354.325684,17031190300,1
17031190800,37617.99263,3987.143799,17031190800,1
17031260100,26084.73696,1751.790649,17031260100,1
17031260200,27417.79605,1238.674927,17031260200,1
17031530100,72946.12046,1304.806519,17031530100,1
17031061800,24129.40293,4901.424316,17031061800,1
17031828201,114560.1614,479.3817749,17031828201,
17031825000,106113.5928,314.5766602,17031825000,
17031824300,89821.22821,431.8450623,17031824300,
17031824601,97675.64073,497.2175598,17031824601,
17031818500,75286.84848,388.1525574,17031818500,
17031823400,81182.90888,365.9276733,17031823400,
17031821500,84039.32365,130.6900177,17031821500,
17031410200,30614.92635,6936.77002,17031410200,1
17031222900,28006.24032,1924.812378,17031222900,1
17031241000,20551.48957,4395.474121,17031241000,1
17031825400,122423.7172,276.7060547,17031825400,
17031830005,133814.0304,207.5614471,17031830005,
17031824505,106947.7802,968.4262085,17031824505,
17031824800,95123.0459,598.9404297,17031824800,
17031803608,155294.9027,187.4404907,17031803608,
17031190900,35876.97333,2364.063965,17031190900,1
17031191200,38855.3436,2084.33667,17031191200,1
17031200100,35667.61911,2717.817139,17031200100,1
17031200200,33841.60179,2433.822998,17031200200,1
17031200300,32720.26791,3102.869141,17031200300,1
17031222700,25606.95154,3572.818848,17031222700,1
17031230100,23605.05502,3490.104492,17031230100,1
17031230200,24971.93817,3303.687256,17031230200,1
17031230300,26166.69227,3465.492188,17031230300,1
17031230400,27806.29552,2548.543457,17031230400,1
17031230500,30921.33962,2506.174561,17031230500,1
17031351100,20066.76199,2265.324707,17031351100,1
17031827500,105507.1292,250.9087524,17031827500,
17031807600,57023.58222,586.3575439,17031807600,
17031826201,102374.7644,245.8004913,17031826201,
17031823001,76726.81019,701.6055908,17031823001,
17031770500,97754.99646,264.7384338,17031770500,
17031820202,72017.0325,55.1794891,17031820202,
17031611700,33014.34557,2563.06543,17031611700,1
17031819700,73929.37028,958.8085938,17031819700,
17031300500,28604.30647,4618.652344,17031300500,1
17031816100,52492.03652,394.778656,17031816100,
17031818700,62081.79715,930.6782227,17031818700,
17031817300,59982.85291,1473.176025,17031817300,
17031381500,26162.69029,2369.056885,17031381500,1
17031420500,36380.77042,3221.635986,17031420500,1
17031811500,69105.38253,823.9899292,17031811500,
17031081500,3900.933307,8024.178223,17031081500,1
17031081600,3735.351481,12487.75977,17031081600,1
17031081700,3882.916998,5950.133301,17031081700,1
17031081800,4987.722859,6261.209473,17031081800,1
17031081900,6976.957537,3725.135986,17031081900,1
17031222800,26772.67584,3326.869141,17031222800,1
17031050800,27195.57863,3333.267822,17031050800,1
17031210100,29939.79865,1877.098633,17031210100,1
17031210400,34156.05274,2666.432617,17031210400,1
17031230700,27081.43954,3709.146729,17031230700,1
17031230800,25333.40472,2330.318115,17031230800,1
17031230900,24274.49129,4310.108887,17031230900,1
17031820502,67160.08255,569.5910645,17031820502,
17031820901,59028.12037,186.3656006,17031820901,
17031550200,85059.73742,224.9799652,17031550200,1
17031823200,82569.51925,245.6738586,17031823200,
17031823304,75873.31247,637.8895874,17031823304,
17031822602,74891.83601,1136.666016,17031822602,
17031670500,37195.40392,711.8590698,17031670500,1
17031820104,77103.07482,524.4165039,17031820104,
17031820700,45899.86554,550.6620483,17031820700,
17031580800,30677.77328,4333.955078,17031580800,1
17031811800,76816.83575,589.5510864,17031811800,
17031770300,110245.9888,194.1875458,17031770300,
17031805109,113862.7417,659.4920654,17031805109,
17031804603,131781.7978,183.9337311,17031804603,
17031230600,30287.84268,2603.025391,17031230600,1
17031242300,15544.9117,4194.885254,17031242300,1
17031242200,14358.23278,4818.713867,17031242200,1
17031032100,28636.08436,6755.024414,17031032100,1
17031828300,113745.3323,111.1020279,17031828300,
17031824900,101089.5536,225.5219116,17031824900,
17031827801,102415.9583,630.9569092,17031827801,
17031801500,106949.5217,250.5976562,17031801500,
17031806002,88915.69224,1305.409302,17031806002,
17031811701,78107.63788,184.1982269,17031811701,
17031823803,86541.02324,514.4320679,17031823803,
17031820800,48838.96207,253.2269745,17031820800,
17031300800,25025.50309,4899.541504,17031300800,1
17031060900,25311.7833,5494.551758,17031060900,1
17031061000,25413.43593,5090.350586,17031061000,1
17031210700,28550.18586,3032.55542,17031210700,1
17031817500,56707.74731,738.4261475,17031817500,
17031818300,73868.96132,720.3657837,17031818300,
17031291600,19695.20242,1531.106445,17031291600,1
17031400400,33175.32338,2355.357422,17031400400,1
17031816500,69282.22778,471.7651978,17031816500,
17031805701,75110.94428,768.4428711,17031805701,
17031804803,132426.4953,390.2450867,17031804803,
17031191100,36293.52537,3535.531738,17031191100,1
17031804105,146480.8431,125.8602371,17031804105,
17031120100,59357.07335,609.0778809,17031120100,1
17031804705,147868.5034,833.3843384,17031804705,
17031803603,154004.4557,260.4785461,17031803603,
17031820101,84406.0735,436.6773071,17031820101,
17031611200,29589.64614,3163.179932,17031611200,1
17031300900,23863.68944,5369.57959,17031300900,1
17031061100,25760.07104,3049.434815,17031061100,1
17031061500,24876.59327,4257.745117,17031061500,1
17031062000,22738.23392,4877.866211,17031062000,1
17031062100,23109.49157,6018.512695,17031062100,1
17031062200,23484.90921,5167.438477,17031062200,1
17031827901,108449.1006,229.3653564,17031827901,
17031829500,144891.4027,300.9742126,17031829500,
17031090200,67665.65079,1671.917603,17031090200,1
17031090100,70153.7435,1482.504761,17031090100,1
17031829100,140401.5681,518.5487061,17031829100,
17031824503,98206.20552,216.2425537,17031824503,
17031824106,110265.199,316.8284302,17031824106,
17031823801,98722.58122,50.2206993,17031823801,
17031801608,98843.6365,399.9496155,17031801608,
17031805901,86367.78933,451.6851807,17031805901,
17031826401,89054.93696,479.2053833,17031826401,
17031260400,30087.1094,1644.079468,17031260400,1
17031351500,19918.59414,1911.178467,17031351500,1
17031811200,61080.26248,608.28302,17031811200,
17031770800,71447.40494,556.6984253,17031770800,
17031804102,144674.2609,335.6572571,17031804102,
17031802605,110315.5215,523.7607422,17031802605,
17031803800,138354.2678,523.460022,17031803800,
17031210800,27605.57498,2335.947998,17031210800,1
17031210900,26473.66308,2203.275635,17031210900,1
17031803901,132378.3104,269.2527466,17031803901,
17031801601,115352.0206,282.0101013,17031801601,
17031800900,77677.94157,815.480957,17031800900,
17031804305,155669.5616,916.1368408,17031804305,
17031081100,6688.999618,15691.69629,17031081100,1
17031241200,17980.60386,2016.366089,17031241200,1
17031031200,34067.48997,6551.270508,17031031200,1
17031062500,24734.04249,4015.763672,17031062500,1
17031062600,22973.483,2897.198975,17031062600,1
17031062700,22356.24293,3508.572754,17031062700,1
17031062800,21792.89787,4565.220703,17031062800,1
17031062900,21297.6877,4888.101074,17031062900,1
17031063000,20873.09462,4066.465088,17031063000,1
17031062400,24155.62055,3963.384277,17031062400,1
17031063100,21181.59919,5745.566406,17031063100,1
17031063200,20956.23736,7261.593262,17031063200,1
17031063400,19919.01302,5873.152344,17031063400,1
17031090300,66798.92512,1065.908447,17031090300,1
17031100100,57689.62535,1807.93042,17031100100,1
17031100300,61856.42676,1035.480469,17031100300,1
17031140100,38846.60853,4733.211914,17031140100,1
17031140200,39839.8216,5708.950195,17031140200,1
17031140400,44554.39382,2124.445801,17031140400,1
17031140500,41589.6316,2941.749512,17031140500,1
17031800800,85375.8696,225.7344818,17031800800,
17031242700,20345.99311,4260.747559,17031242700,1
17031070200,17929.46763,4748.626465,17031070200,1
17031070300,18353.12439,5174.651856,17031070300,1
17031070400,18831.31642,3867.592285,17031070400,1
17031070500,19392.08663,4198.523438,17031070500,1
17031070600,19976.95013,3879.617432,17031070600,1
17031070700,21356.0145,2208.361572,17031070700,1
17031100400,64864.92341,1273.825195,17031100400,1
17031100600,58243.47752,1473.911987,17031100600,1
17031100700,56762.21339,1577.667481,17031100700,1
17031110200,53430.44216,1794.526856,17031110200,1
17031150200,44473.97503,2162.771484,17031150200,1
17031150300,46523.35162,2071.841065,17031150300,1
17031140800,36391.96081,3504.645264,17031140800,1
17031231200,26272.74951,3516.871338,17031231200,1
17031231100,24641.90458,2656.771484,17031231100,1
17031242400,16754.85494,3414.617188,17031242400,1
17031242500,17980.56401,4268.483887,17031242500,1
17031120200,54184.54838,765.3638306,17031120200,1
17031120300,50202.9562,1299.768921,17031120300,1
17031120400,48537.73258,1278.331787,17031120400,1
17031231500,25051.68334,2183.471924,17031231500,1
17031071100,15873.67142,3666.024414,17031071100,1
17031071000,16424.75533,5180.529785,17031071000,1
17031071200,15416.34968,3528.837647,17031071200,1
17031071300,15014.25533,4853.958008,17031071300,1
17031110300,54331.65555,1705.109253,17031110300,1
17031220300,25009.02073,2612.435059,17031220300,1
17031220400,25993.05315,3020.786133,17031220400,1
17031220500,27021.19083,3074.437256,17031220500,1
17031240300,17038.31083,3160.98584,17031240300,1
17031240500,18781.4536,4309.012207,17031240500,1
17031060400,27210.41061,4404.757813,17031060400,1
17031060500,27317.16297,2323.345459,17031060500,1
17031240800,22444.86841,3909.218506,17031240800,1
17031240600,20182.96582,3475.35376,17031240600,1
17031240700,21301.532,3488.316406,17031240700,1
17031240900,21868.74336,452.0519714,17031240900,1
17031242600,19366.44258,4596.368164,17031242600,1
17031803100,125915.4925,803.0322266,17031803100,
17031310600,12751.60349,3906.245361,17031310600,1
17031310700,13870.9143,4100.327637,17031310700,1
17031310800,14631.90619,4842.659668,17031310800,1
17031020602,47079.84794,3657.384766,17031020602,1
17031310900,15970.71768,3805.806397,17031310900,1
17031510100,65058.85532,580.7130127,17031510100,1
17031510200,63804.1662,882.5819092,17031510200,1
17031561100,51922.18576,1629.559326,17031561100,1
17031190701,40394.62233,4128.550293,17031190701,1
17031020901,43917.09746,4650.238281,17031020901,1
17031010202,50443.17993,3013.246826,17031010202,1
17031570100,34528.07642,333.3735962,17031570100,1
17031570200,37347.10326,458.6779175,17031570200,1
17031570300,39918.57074,2510.935303,17031570300,1
17031570400,37516.62012,1473.562256,17031570400,1
17031570500,41687.23672,2404.765869,17031570500,1
17031690400,41096.79584,1993.807129,17031690400,1
17031691300,46407.72439,1415.349854,17031691300,1
17031691400,46542.89618,2004.991699,17031691400,1
17031691500,46820.84179,1033.496338,17031691500,1
17031320400,3179.565506,1370.952759,17031320400,1
17031580100,26095.39749,1632.317017,17031580100,1
17031580200,28029.71163,1833.166382,17031580200,1
17031580300,30300.61128,2111.84668,17031580300,1
17031580400,32917.75468,1333.279663,17031580400,1
17031580600,29337.2406,4233.709961,17031580600,1
17031580700,28485.53934,3944.088135,17031580700,1
17031681300,44117.43587,1172.825928,17031681300,1
17031681400,44258.81346,1477.430786,17031681400,1
17031690300,41263.95242,1733.18689,17031690300,1
17031690500,41655.45106,1184.895508,17031690500,1
17031690900,43893.38343,2502.757568,17031690900,1
17031691000,43754.00279,1587.615356,17031691000,1
17031700100,50266.95449,555.3308105,17031700100,1
17031700200,53797.66845,1567.36853,17031700200,1
17031320600,4888.82083,4052.857666,17031320600,1
17031330200,7532.676251,2046.358521,17031330200,1
17031590500,24661.99383,1250.894043,17031590500,1
17031590600,23561.79947,3856.871826,17031590600,1
17031671200,39780.97517,1544.491699,17031671200,1
17031671100,39419.91664,1564.818115,17031671100,1
17031671300,41122.20765,1631.081299,17031671300,1
17031671500,42997.54632,1414.342896,17031671500,1
17031671600,41989.38079,1710.229736,17031671600,1
17031671800,44609.24818,1359.5448,17031671800,1
17031671900,44887.04602,1344.747315,17031671900,1
17031710100,46992.92178,1821.296387,17031710100,1
17031710200,46656.29264,2411.907959,17031710200,1
17031710400,48110.03442,2088.530273,17031710400,1
17031710500,50360.26457,2081.624268,17031710500,1
17031710600,49755.2884,2688.555664,17031710600,1
17031710800,49194.68286,2271.720459,17031710800,1
17031340300,14420.33299,3370.334717,17031340300,1
17031340500,17327.08077,1444.019653,17031340500,1
17031340600,19949.25851,894.7025146,17031340600,1
17031430200,42764.54922,2968.476563,17031430200,1
17031430300,42188.50508,2431.193604,17031430300,1
17031030604,38528.86989,7263.618652,17031030604,1
17031031502,30537.58596,11247.83984,17031031502,1
17031081402,6490.725218,4616.60791,17031081402,
17031080201,10099.53811,9623.268555,17031080201,1
17031760802,65864.80216,148.0497742,17031760802,1
17031140601,40309.01771,3610.021973,17031140601,1
17031070102,18180.5078,9481.375,17031070102,1
17031210502,31914.89202,4573.613281,17031210502,1
17031540102,78423.61069,214.0940552,17031540102,1
17031700402,57168.08084,1371.39148,17031700402,1
17031830100,139272.4526,796.8824463,17031830100,
17031830201,146877.9722,679.4050293,17031830201,
17031830300,145779.6908,904.2921143,17031830300,
17031830400,149337.156,656.640564,17031830400,
17031812700,44085.37944,1928.390015,17031812700,
17031030800,37078.75749,2914.31665,17031030800,1
17031031100,34518.20628,3292.438721,17031031100,1
17031811702,77134.80008,763.3723755,17031811702,
17031812100,42130.43595,1766.328125,17031812100,
17031821800,62422.31539,973.3521118,17031821800,
17031821900,64655.11797,1039.242798,17031821900,
17031822000,61730.20536,1351.56543,17031822000,
17031822101,65876.04401,955.2581787,17031822101,
17031828601,121663.3907,555.3100586,17031828601,
17031828602,121834.9626,771.3892822,17031828602,
17031828701,123446.7272,214.8191528,17031828701,
17031828702,125618.5344,165.9951172,17031828702,
17031822900,72354.18341,985.0881348,17031822900,
17031031300,33573.68227,4102.330078,17031031300,1
17031031900,31871.96551,3778.057129,17031031900,1
17031813500,41274.38244,3356.814941,17031813500,
17031813600,38738.7362,2994.149902,17031813600,
17031822102,64937.22318,774.8575439,17031822102,
17031822200,66804.2965,1086.192383,17031822200,
17031822301,67852.84991,1088.440674,17031822301,
17031822302,72103.53891,1075.582886,17031822302,
17031822500,69587.45553,953.9487305,17031822500,
17031828900,133289.9052,410.5922852,17031828900,
17031828802,127508.3726,706.2821045,17031828802,
17031813900,40488.50184,3802.756348,17031813900,
17031822601,71804.68004,1032.343018,17031822601,
17031822701,67829.54827,1589.025513,17031822701,
17031822702,70083.68757,1137.668213,17031822702,
17031822801,74354.50412,1092.739502,17031822801,
17031823002,77991.62507,1154.617432,17031823002,
17031814000,42409.11188,2910.36499,17031814000,
17031814100,39620.01703,1390.354981,17031814100,
17031814200,36299.91932,1208.78894,17031814200,
17031814300,39610.09991,1995.672119,17031814300,
17031814400,41976.97978,1803.823853,17031814400,
17031823101,82932.96561,1066.665772,17031823101,
17031823302,84386.00914,400.6204529,17031823302,
17031823303,79266.52043,880.2072754,17031823303,
17031823500,80264.22125,1491.803223,17031823500,
17031814500,44243.64578,1798.622192,17031814500,
17031814600,43518.79198,2625.01416,17031814600,
17031814800,47988.41443,1738.584473,17031814800,
17031814900,45385.10718,4088.55249,17031814900,
17031815000,43834.04591,3054.249512,17031815000,
17031815100,44821.158,2500.514648,17031815100,
17031823602,90522.91728,494.4409485,17031823602,
17031823604,92684.14281,380.0657043,17031823604,
17031823605,87979.06183,490.421051,17031823605,
17031823702,83593.4072,698.0756836,17031823702,
17031160501,36518.13177,4140.09082,17031160501,1
17031815200,45483.70643,1838.746094,17031815200,
17031815300,48253.9568,1856.962402,17031815300,
17031815400,49482.93223,1514.484863,17031815400,
17031815500,48289.56568,2102.006592,17031815500,
17031823704,80795.1792,829.744751,17031823704,
17031823705,78886.98908,921.1091309,17031823705,
17031815800,59924.98115,319.6304016,17031815800,
17031815900,49598.71744,2779.529785,17031815900,
17031816000,51441.93116,1010.772827,17031816000,
17031816200,58594.36145,836.7425537,17031816200,
17031824507,111903.4329,310.421814,17031824507,
17031824602,101020.7138,668.3529663,17031824602,
17031824701,95738.76434,841.6665039,17031824701,
17031824702,97249.51588,955.6103516,17031824702,
17031825200,107423.6713,328.6575623,17031825200,
17031040100,39815.90578,764.1692505,17031040100,1
17031040300,40070.19621,1501.809815,17031040300,1
17031816300,63180.31298,1995.654419,17031816300,
17031816401,63567.84794,2731.275635,17031816401,
17031816402,60995.98821,1671.96936,17031816402,
17031816600,69387.87111,2006.864014,17031816600,
17031816700,73646.10893,918.9046021,17031816700,
17031825503,114208.7617,496.5010986,17031825503,
17031825504,117557.3966,529.517334,17031825504,
17031825505,119248.4658,400.6481628,17031825505,
17031825700,91874.56241,325.086853,17031825700,
17031808800,68559.8895,796.7021484,17031808800,
17031611600,33517.56091,2210.593506,17031611600,1
17031340400,14631.59161,2451.756104,17031340400,1
17031816800,77495.21697,465.9856873,17031816800,
17031770700,75849.34385,209.3653717,17031770700,
17031806102,96175.29185,515.2970581,17031806102,
17031430700,46449.33024,4431.512207,17031430700,
17031808100,64619.54399,316.1198425,17031808100,
17031804810,133188.7539,899.8916016,17031804810,
17031808500,72158.33019,674.5817261,17031808500,
17031800200,100140.0334,358.7870178,17031800200,
17031191000,34435.93648,2152.57666,17031191000,1
17031560400,41881.47935,1852.529053,17031560400,1
17031710700,49762.90741,2693.66626,17031710700,1
17031550100,82928.8163,376.8466797,17031550100,1
17031283200,9707.67686,2725.124512,17031283200,1
17031100500,62936.64256,1203.191528,17031100500,1
17031801607,98357.39657,361.5125427,17031801607,
17031804106,137226.5391,703.4431763,17031804106,
17031801606,107567.2564,412.6493835,17031801606,
