ORIG_FID,STATION_ID,LONGNAME,LINES,ADA,PKNRD,GEOID20,ALAND20,POP20,NEAR_FID
0,230,Cumberland,Blue Line,1,1,170310630003001,7576,88,49
1,1350,Oak Park-Lake,Green Line (Lake),0,0,170310408002006,7069,75,92
2,1260,Austin-Lake,Green Line (Lake),0,0,170318358001018,11442,0,32
3,170,Ashland-Lake,"Green (Lake), Pink",1,0,170318308003003,10060,181,17
4,1160,Clinton-Lake,"Green (Lake), Pink",1,0,170313109003005,10341,140,79
5,490,Grand/Milwaukee,Blue Line (O'Hare),0,0,170318129002011,11636,45,94
6,1410,Chicago/Milwaukee,Blue Line,0,0,170316903002005,12612,47,72
7,590,Damen/Milwaukee,Blue Line,0,0,170310630002005,5266,79,44
8,570,California/Milwaukee,Blue Line (O'Hare),0,0,170318311002005,7779,82,105
9,60,Belmont-O'Hare,Blue Line,0,0,170310402013017,5172,26,92
10,1330,Montrose-O'Hare,Blue Line,0,0,170310630003004,7040,152,49
11,710,Chicago/Franklin,"Brown, Purple (Express)",1,0,170311408001009,7493,64,63
12,1480,Western-Ravenswood,Brown Line,1,0,170318321002003,5679,123,123
13,870,Francisco,Brown Line,1,0,170318371001006,12965,65,42
14,1440,Addison-Ravenswood,Brown Line,1,0,170318447003019,6035,24,111
15,1310,Paulina,Brown Line,1,0,170312607002012,14932,31,93
16,90,Damen-Ravenswood,Brown Line,1,0,170312213001000,6673,69,8
17,1500,Montrose-Ravenswood,Brown Line,1,0,170310301013001,14578,461,48
18,160,LaSalle/Van Buren,"Brown, Orange, Pink, Purple (Express)",0,0,170318321003006,7180,58,123
19,260,State/Lake,"Brown, Orange, Pink,  Purple (Express), Green",0,0,170318391001088,8834,0,60
20,1660,Lake/State,Red Line,1,0,170318402001026,1553,0,77
21,1490,Harrison,Red Line,0,0,170310306031003,7076,20,131
22,1280,Jefferson Park,Blue Line,1,0,170318102001007,7605,83,129
23,1430,87th,Red Line,1,0,170318095001012,9892,165,52
24,240,79th,Red Line,1,0,170313515002001,10415,12,26
25,1230,47th-Dan Ryan,Red Line,1,0,170311006004032,4844,0,100
26,190,Sox-35th-Dan Ryan,Red Line,1,0,170318360001003,4385,0,55
27,1000,Cermak-Chinatown,Red Line,1,0,170310311001000,6136,0,41
28,720,Cottage Grove,Green Line,1,0,170310629002005,9004,107,44
29,1140,King Drive,Green Line,1,0,170313405001002,13234,0,26
30,940,Halsted/63rd,Green Line,1,0,170318094021010,6956,38,52
31,290,Ashland/63rd,Green Line (Englewood),1,1,170312924002009,6362,28,82
32,1080,47th-South Elevated,Green Line,1,0,170318417001014,13876,0,111
33,410,Roosevelt/Wabash,Orange & Green Lines,1,0,170312808001015,7962,48,67
34,890,O'Hare Airport,Blue Line,1,0,170312922002014,6127,9,81
35,770,Lawrence,Red Line,0,0,170318391002030,1850,0,115
36,1320,Belmont-North Main,"Red, Brown, Purple (Express)",1,0,170310407003009,11789,64,92
37,650,North/Clybourn,Red Line,0,0,170311105021005,11053,18,22
38,1300,Loyola,Red Line,1,0,170318125003010,11153,33,101
39,400,Noyes,"Purple Line, Evanston Express",0,0,170312520001010,8048,38,118
40,900,Howard,"Red, Yellow, Purple, Evanston Express",1,1,170311408005018,5924,48,13
41,340,Berwyn,Red Line,0,0,170313812002005,4380,0,32
42,1070,Kedzie-Lake,Green Line (Lake),1,0,170318368002002,2456,9,42
43,100,Morse,Red Line,0,0,170310301011001,14557,438,48
44,530,Diversey,"Brown, Purple (Express)",1,0,170318326003005,11865,202,117
45,1120,35-Bronzeville-IIT,Green Line,1,0,170318390003004,5704,194,143
46,270,Main,"Purple Line, Evanston Express",0,0,170310317003000,23016,197,116
47,760,Granville,Red Line,1,0,170310630001011,24133,0,49
48,880,Thorndale,Red Line,0,0,170313206002020,2545,83,33
49,1210,Wellington,"Brown, Purple (Express)",1,0,170312106013006,7723,92,9
50,1220,Fullerton,"Red, Brown, Purple (Express)",1,0,170318125003017,8663,53,101
51,140,Dempster-Skokie,Yellow Line,1,1,170316711001003,20704,1,31
52,50,Davis,"Purple Line, Evanston Express",1,0,170312518002004,7399,52,102
53,690,Dempster,"Purple Line, Evanston Express",0,0,170310306031004,12303,10,131
54,370,Washington/Dearborn,Blue Line,0,0,170310102021006,2974,55,40
55,1270,43rd,Green Line,1,0,170312925003025,7670,74,83
56,300,Indiana,Green Line,1,0,170318391001094,12339,0,126
57,550,Irving Park-O'Hare,Blue Line,0,0,170310715004008,1022,0,91
58,480,Cicero-Lake,Green Line (Lake),1,0,170318330001040,12379,275,85
59,790,Monroe/Dearborn,Blue Line,0,0,170318125003018,8940,87,101
60,40,Quincy/Wells,"Brown, Orange, Pink, Purple (Express)",1,0,170312607002016,6283,0,93
61,1200,Argyle,Red Line,0,0,170310717002000,12967,94,91
62,1290,Kimball,Brown Line,1,1,170318073001034,8773,75,51
63,1180,Kedzie-Ravenswood,Brown Line,1,0,170318410001014,1152,0,87
64,1460,Irving Park-Ravenswood,Brown Line,1,0,170316903002019,15160,440,72
65,470,Racine,Blue Line,0,0,170313814001003,11560,127,32
66,810,Illinois Medical District,Blue Line,1,0,170313806002012,4341,17,55
67,220,Western-Congress,Blue Line (Congress),0,0,170318419001015,2550,0,114
68,10,Austin-Congress,Blue Line,0,0,170310625001005,9907,86,15
69,970,Cicero-Congress,Blue Line (Congress),0,0,170313812002008,5715,0,32
70,850,Library,"Brown, Orange, Pink, Purple (Express)",1,0,170312514004025,2307,0,118
71,1020,Logan Square,Blue Line,1,0,170318391002010,8140,0,60
72,990,69th,Red Line,1,0,170318093001017,36344,106,39
73,130,51st,Green Line,1,0,170318088002054,5928,50,39
74,930,Midway Airport,Orange Line,1,1,170316708002012,7582,61,31
75,1150,Kedzie-Midway,Orange Line,1,1,170310312003000,24357,177,41
76,1060,Ashland-Midway,Orange Line,1,0,170312206021003,19280,67,71
77,1130,Halsted-Midway,Orange Line,1,1,170310803003002,5192,102,91
78,830,18th,Pink,1,0,170314403001015,10024,41,23
79,210,Damen,Pink,1,0,170318324002006,10189,107,104
80,740,Western-Douglas,Pink,1,0,170310501001008,7076,0,64
81,780,Central Park,Pink,1,0,170310818001014,6264,178,11
82,150,Pulaski-Douglas,Pink,1,0,170310630001002,10670,89,36
83,600,Kostner,Pink,1,0,170318422001005,6604,24,37
84,420,Cicero-Douglas,Pink,1,0,170318138023001,19458,134,112
85,1510,Morgan,"Green (Lake), Pink",1,0,170310106001001,1795,0,43
86,1680,Oakton-Skokie,Yellow Line,1,0,170318094012014,6193,0,53
87,1690,Cermak-McCormick Place,Green Line,1,0,170310815001004,10056,0,90
88,1700,Washington/Wabash,"Brown, Orange, Pink,  Purple (Express), Green",1,0,170318391001064,17138,7,133
89,1450,Chicago/State,Red Line,1,0,170310711001003,22312,342,50
90,330,Grand/State,Red Line,1,0,170318390003000,2581,0,21
91,800,Sedgwick,"Brown, Purple (Express)",1,0,170318138013010,7674,114,84
92,1010,Rockwell,Brown Line,1,0,170312827002016,7621,47,67
93,920,Pulaski-Congress,Blue Line (Congress),0,0,170318382002002,13661,46,109
94,180,Oak Park-Congress,Blue Line,0,0,170310818002019,12164,0,132
95,980,Harlem-Congress,Blue Line (Congress),0,0,170318330002006,5887,0,3
96,960,Pulaski-Midway,Orange Line,1,1,170318447003009,9789,68,111
97,250,Kedzie-Homan,Blue Line (Congress),1,0,170318431002017,7156,56,111
98,390,Forest Park,Blue Line,1,1,170313108001003,7908,134,78
99,1090,Monroe/State,Red Line,0,0,170312518004001,11078,22,58
100,750,Harlem-O'Hare,Blue Line (O'Hare),1,1,170316809002002,556,0,141
101,610,Ridgeland,Green Line (Lake),0,0,170316306001014,7434,60,107
102,700,Laramie,Green Line (Lake),1,0,170318319001014,7872,85,134
103,1360,California-Lake,Green Line (Lake),1,0,170318308001006,8327,54,16
104,670,Western/Milwaukee,Blue Line (O'Hare),1,0,170311408005002,10738,62,13
105,1240,Addison-O'Hare,Blue Line,1,0,170311407021001,7504,102,63
106,510,Garfield-South Elevated,Green Line,1,1,170312602001010,9861,6,119
107,310,Western-Midway,Orange Line,1,1,170312520001009,8040,116,118
108,120,35th/Archer,Orange Line,1,1,170312804001032,23522,208,3
109,1030,Polk,Pink,1,0,170318125002015,2545,0,2
110,440,California-Douglas,Pink,1,0,170312608002013,10176,100,93
111,1040,Kedzie-Douglas,Pink,1,0,170318424002020,20446,131,24
112,580,54th/Cermak,Pink,1,1,170318412002020,7673,133,80
113,350,UIC-Halsted,Blue Line,1,0,170310312003001,11049,60,41
114,430,Clinton-Congress,Blue Line,0,0,170310105032004,2998,76,38
115,1340,LaSalle,Blue Line,0,0,170310402013016,7198,140,92
116,540,Wilson,"Purple, Red Line",1,0,170318127003008,9576,43,1
117,660,Armitage,"Brown, Purple (Express)",1,0,170318131001017,6235,22,68
118,280,Central-Lake,Green Line (Lake),1,0,170318307004002,40553,372,116
119,30,Pulaski-Lake,Green Line (Lake),1,0,170316912002025,4911,12,24
120,1250,Central-Evanston,"Purple Line, Evanston Express",0,0,170310305003012,10097,101,131
121,520,Foster,"Purple Line, Evanston Express",0,0,170312609002003,6349,63,93
122,1670,Conservatory-Central Park,Green Line (Lake),1,0,170312205003003,2285,0,71
123,80,Sheridan,Red Line,0,0,170312435002046,1700,0,5
124,1420,Addison-North Main,Red Line,1,0,170312214002000,9506,294,8
125,380,Clark/Lake,"Brown, Orange, Pink, Purple (Express), Green, Blue",1,0,170310308001000,9169,7,131
126,70,Jackson/Dearborn,Blue Line,1,0,170310817002029,5974,49,132
127,630,Clark/Division,Red Line,1,0,170318407003007,6834,35,110
128,1050,Linden,"Purple Line, Evanston Express",1,1,170313405001005,8730,9,26
129,840,South Boulevard,"Purple Line, Evanston Express",0,0,170318419001018,1862,0,114
130,1190,Jarvis,Red Line,0,0,170318126004003,9222,57,101
131,1380,Bryn Mawr,Red Line,0,0,170312602001014,8571,19,119
132,460,Merchandise Mart,"Brown, Purple (Express)",1,0,170310812012002,2604,0,89
133,730,Washington/Wells,"Brown, Orange, Pink, Purple (Express)",1,0,170318326002000,24699,329,117
134,360,Southport,Brown Line,1,0,170316708002020,5112,10,31
135,680,Adams/Wabash,"Brown, Orange, Pink,  Purple (Express), Green",0,0,170316115002011,5372,50,107
136,560,Jackson/State,Red Line,1,0,170318308003001,12362,20,17
137,820,Rosemont,Blue Line,1,1,170310816001005,5958,0,90
138,20,Harlem-Lake,Green Line (Lake),1,0,170312106013007,7698,89,9
139,320,Division/Milwaukee,Blue Line,0,0,170312924002010,6414,73,82
140,450,95th/Dan Ryan,Red Line,1,0,170312924002026,7431,22,82
141,910,63rd-Dan Ryan,Red Line,1,0,170312520004011,9381,128,2
142,1170,Garfield-Dan Ryan,Red Line,1,0,170316810004015,33474,0,30
143,1400,Roosevelt/State,Red Line,1,0,170318417001006,16656,40,111
,,,,,,170314207005001,20356,9,29
,,,,,,170313406001007,20062,0,26
,,,,,,170310301011003,24105,15,48
,,,,,,170312420003005,4980,85,139
,,,,,,170310406001006,5353,38,16
,,,,,,170311407011004,34610,0,62
,,,,,,170310104003013,2067,0,38
,,,,,,170313109003009,8254,135,79
,,,,,,170318391002028,12081,17,70
,,,,,,170318319001016,12348,142,134
,,,,,,170310506002015,7935,90,14
,,,,,,170318127003002,9464,32,1
,,,,,,170318423002014,4149,0,6
,,,,,,170313201022011,6606,164,88
,,,,,,170310623001006,5167,49,134
,,,,,,170310816001001,5862,0,90
,,,,,,170311601001020,15711,65,10
,,,,,,170318095001018,11757,59,52
,,,,,,170316306002006,9417,16,107
,,,,,,170318326003004,12138,78,117
,,,,,,170312514004020,14461,0,2
,,,,,,170313812002006,4408,6,32
,,,,,,170314003001006,15629,15,106
,,,,,,170312222002009,7565,68,104
,,,,,,170313109002001,10338,123,79
,,,,,,170318324002001,6547,177,104
,,,,,,170310630002012,7468,133,44
,,,,,,170310106004006,9396,213,43
,,,,,,170311006004008,5124,0,100
,,,,,,170312213002002,6819,73,8
,,,,,,170310501002009,6450,0,64
,,,,,,170318314002030,7207,191,68
,,,,,,170310817001005,7697,122,11
,,,,,,170313206002005,9997,62,21
,,,,,,170312106011002,10075,91,9
,,,,,,170310818001012,7059,289,11
,,,,,,170310629001000,10200,247,36
,,,,,,170310603002018,5101,0,14
,,,,,,170310506002014,6313,37,14
,,,,,,170312420003002,4864,86,139
,,,,,,170311601002017,20427,94,10
,,,,,,170310301031003,6236,125,47
,,,,,,170310105031008,7869,98,38
,,,,,,170312222002011,6518,46,104
,,,,,,170312924002021,6299,0,82
,,,,,,170310815002009,9835,0,90
,,,,,,170312924002007,11889,90,82
,,,,,,170318391001075,8484,0,59
,,,,,,170312213001006,5566,41,8
,,,,,,170318324002000,4146,0,104
,,,,,,170312713001014,6861,22,97
,,,,,,170318422001004,5198,0,37
,,,,,,170318412002014,27997,0,80
,,,,,,170318319002014,7900,0,15
,,,,,,170318324002014,9227,113,104
,,,,,,170318314001001,6848,43,69
,,,,,,170313802001015,5683,97,55
,,,,,,170313301033009,8347,37,87
,,,,,,170310105031002,5129,89,38
,,,,,,170311610001014,11933,46,57
,,,,,,170310408001001,5120,52,12
,,,,,,170310804001004,7937,137,91
,,,,,,170318308003004,10528,94,17
,,,,,,170312804001008,10175,0,3
,,,,,,170318093001010,8938,26,39
,,,,,,170316115002008,15838,180,107
,,,,,,170310625001000,20445,177,15
,,,,,,170318098002001,14091,57,53
,,,,,,170318407003004,12917,61,110
,,,,,,170310630001010,10101,35,49
,,,,,,170310317004000,11814,145,116
,,,,,,170310105022005,7558,214,43
,,,,,,170318123013007,13565,84,1
,,,,,,170318373002008,5129,0,97
,,,,,,170318422001002,5209,0,37
,,,,,,170310818001038,6865,0,132
,,,,,,170318391001040,8084,0,133
,,,,,,170318391001078,8577,10,133
,,,,,,170318391001065,8831,0,133
,,,,,,170318410001022,13441,0,87
,,,,,,170318160001032,10370,91,95
,,,,,,170318346001069,16396,0,141
,,,,,,170318093002020,6292,85,121
,,,,,,170310301022000,11697,607,47
,,,,,,170318373001007,5431,36,97
,,,,,,170318321002006,8459,100,123
,,,,,,170311610001000,15690,77,57
,,,,,,170310817002034,2083,36,132
,,,,,,170318419001035,12252,0,114
,,,,,,170314906001016,5893,2,140
,,,,,,170318447001002,1258,0,81
,,,,,,170313201021034,9574,0,19
,,,,,,170313109003010,12400,149,79
,,,,,,170318371002027,7930,85,103
,,,,,,170318087021004,10855,178,121
,,,,,,170318412002015,12157,13,80
,,,,,,170310311001009,8504,30,61
,,,,,,170310302002006,5559,20,47
,,,,,,170318446001000,13576,62,55
,,,,,,170312608002007,10287,66,93
,,,,,,170310602002005,26892,92,64
,,,,,,170318093002012,9400,98,121
,,,,,,170311609001021,10303,49,105
,,,,,,170316306002004,4974,80,107
,,,,,,170312435002045,1618,0,5
,,,,,,170312804001016,19121,0,3
,,,,,,170314004001006,7636,101,106
,,,,,,170318100001007,14057,316,46
,,,,,,170310407002005,7719,85,92
,,,,,,170310307031002,19330,0,41
,,,,,,170318138013007,8999,155,84
,,,,,,170318138013009,7648,80,84
,,,,,,170318126001001,4104,65,2
,,,,,,170311603002000,17251,80,57
,,,,,,170312924002006,11840,122,82
,,,,,,170314403005001,26225,391,24
,,,,,,170318391001073,5555,0,59
,,,,,,170314207001000,21159,15,28
,,,,,,170316903002018,2595,0,72
,,,,,,170318391002032,1490,0,115
,,,,,,170312516003012,8422,16,102
,,,,,,170310312002004,20546,730,35
,,,,,,170318410001013,2363,0,87
,,,,,,170310802021000,12681,102,127
,,,,,,170310406001015,4194,20,16
,,,,,,170312925002007,5067,21,82
,,,,,,170318390002007,2642,0,143
,,,,,,170313806003012,12126,17,56
,,,,,,170313814001008,13498,126,32
,,,,,,170310816001007,5921,0,90
,,,,,,170318308003002,12471,197,17
,,,,,,170312414001004,11791,96,7
,,,,,,170312435002036,2645,0,5
,,,,,,170316711001005,14452,52,31
,,,,,,170312924002025,6177,13,82
,,,,,,170313206002004,7994,184,21
,,,,,,170310817002020,1416,0,132
,,,,,,170318391001096,8391,0,60
,,,,,,170312421001001,6018,28,139
,,,,,,170310817002027,10857,0,90
,,,,,,170310624001016,7563,116,134
,,,,,,170318422001003,12711,0,37
,,,,,,170318094012005,22902,170,52
,,,,,,170318391002007,3028,38,60
,,,,,,170312435002018,10274,133,6
,,,,,,170312925002003,8852,46,82
,,,,,,170318391002022,6365,0,115
,,,,,,170318390001001,5886,879,115
,,,,,,170318391001023,15076,329,132
,,,,,,170318100001009,7556,0,46
,,,,,,170310105013005,7843,83,43
,,,,,,170318126004002,16862,119,101
,,,,,,170312106012004,10139,85,9
,,,,,,170318138013001,10442,8,84
,,,,,,170313201022007,9753,0,88
,,,,,,170310103004006,10839,203,130
,,,,,,170310103004011,11636,75,130
,,,,,,170315703002012,6038,45,96
,,,,,,170318319001013,7989,89,134
,,,,,,170318100002013,16168,71,129
,,,,,,170318095002016,4892,0,52
,,,,,,170318371001017,13243,19,42
,,,,,,170318391001090,17223,3,126
,,,,,,170318319001015,12536,139,134
,,,,,,170318373002007,7616,299,97
,,,,,,170310816001004,5824,0,90
,,,,,,170310811002001,19383,694,89
,,,,,,170318355002011,1607,0,25
,,,,,,170316903001010,13255,110,72
,,,,,,170311408005021,4310,40,13
,,,,,,170311003002010,30810,91,100
,,,,,,170310105011001,15195,236,43
,,,,,,170310407002001,5124,39,92
,,,,,,170310623001005,4995,33,134
,,,,,,170318074003019,7452,88,86
,,,,,,170310711002000,12551,98,50
,,,,,,170310629001007,10190,125,49
,,,,,,170312522023013,4474,28,69
,,,,,,170310301032005,5492,290,47
,,,,,,170318434001023,4631,36,83
,,,,,,170318330001015,4377,46,85
,,,,,,170312916001008,4528,0,110
,,,,,,170318391002026,5739,0,70
,,,,,,170318308002002,12559,114,17
,,,,,,170312435002008,4116,32,6
,,,,,,170318412002011,10789,145,80
,,,,,,170318329002004,23564,18,65
,,,,,,170318391002023,14925,0,18
,,,,,,170310630002009,6403,73,44
,,,,,,170318346002000,7397,0,142
,,,,,,170318423002043,8496,0,5
,,,,,,170310815002010,10167,26,90
,,,,,,170310406001003,6715,57,16
,,,,,,170316712001010,10030,45,31
,,,,,,170318123013016,15187,162,1
,,,,,,170312414001010,4627,71,7
,,,,,,170318391002020,8693,83,60
,,,,,,170312107002010,5172,73,71
,,,,,,170313204001017,19879,0,135
,,,,,,170318131001004,7535,39,68
,,,,,,170318382002007,12044,0,109
,,,,,,170310629001010,15367,153,49
,,,,,,170312514004026,3376,3,118
,,,,,,170318411001016,20030,14,27
,,,,,,170311408005020,5731,35,13
,,,,,,170318381001003,15250,0,66
,,,,,,170318391001005,1134,0,125
,,,,,,170310817001012,10908,354,89
,,,,,,170318128011005,6812,27,138
,,,,,,170312520004013,9650,99,2
,,,,,,170313204001007,16951,305,135
,,,,,,170318391001041,17530,7,125
,,,,,,170311601002018,12423,0,10
,,,,,,170310103002014,10344,294,130
,,,,,,170311105022026,10429,56,22
,,,,,,170312435002023,1628,0,6
,,,,,,170316115002013,5727,9,107
,,,,,,170310305001007,5764,7,48
,,,,,,170310103002013,10372,108,130
,,,,,,170312106021007,5086,87,71
,,,,,,170318314001013,9131,0,69
,,,,,,170312827002008,7183,0,67
,,,,,,170318412002009,10305,118,80
,,,,,,170318094012013,6588,0,53
,,,,,,170316711001009,10537,17,31
,,,,,,170310804001002,5225,61,91
,,,,,,170312515002013,7347,0,102
,,,,,,170310102021007,10492,151,130
,,,,,,170310815003011,5051,2,90
,,,,,,170310301011002,18739,363,48
,,,,,,170318404001001,6483,0,76
,,,,,,170318123013008,21620,171,1
,,,,,,170311402002005,7704,134,62
,,,,,,170318431002016,7129,51,111
,,,,,,170318373001006,7771,55,97
,,,,,,170318129003021,9089,88,94
,,,,,,170312808001017,2356,30,67
,,,,,,170310817002030,10416,542,132
,,,,,,170318391001092,6210,213,126
,,,,,,170318391002046,4922,146,21
,,,,,,170311105022025,5247,24,22
,,,,,,170311610001006,13199,104,57
,,,,,,170312213002001,6659,96,8
,,,,,,170318381002000,12814,70,3
,,,,,,170318447003012,7179,56,111
,,,,,,170312405001022,7463,71,7
,,,,,,170318434001008,2019,13,83
,,,,,,170310507001012,7556,44,14
,,,,,,170312601001007,24227,5,119
,,,,,,170318431002015,6219,11,111
,,,,,,170310818001020,5415,0,11
,,,,,,170318131001000,5134,46,68
,,,,,,170318101002000,8069,30,46
,,,,,,170310817002033,5088,15,132
,,,,,,170318330001026,1192,0,85
,,,,,,170314004001005,7995,41,106
,,,,,,170313514001005,2301,0,45
,,,,,,170311402003010,7686,110,62
,,,,,,170313201022005,614,0,88
,,,,,,170312435002042,4154,35,5
,,,,,,170310629001002,12563,152,36
,,,,,,170310715004009,6925,189,91
,,,,,,170318330001039,12360,0,85
,,,,,,170318383002008,2200,0,11
,,,,,,170318423002027,8136,14,5
,,,,,,170318403003018,10139,129,108
,,,,,,170312205003007,4840,53,71
,,,,,,170310105021008,8093,147,38
,,,,,,170318330001035,1224,0,85
,,,,,,170310406003009,6621,0,12
,,,,,,170312609002001,3462,0,93
,,,,,,170310301013000,14496,544,48
,,,,,,170310319002008,26185,104,17
,,,,,,170318431002014,5546,7,111
,,,,,,170310501002021,7406,76,64
,,,,,,170310407001007,7495,131,12
,,,,,,170318094021007,6093,0,52
,,,,,,170318391001060,8343,39,133
,,,,,,170311408004003,9478,63,63
,,,,,,170310817001006,5329,28,11
,,,,,,170312214001007,5262,57,8
,,,,,,170318391001070,17491,0,59
,,,,,,170310810004001,4843,42,127
,,,,,,170313108002003,7883,75,78
,,,,,,170310307011000,11787,491,131
,,,,,,170318161001003,16827,0,95
,,,,,,170310815001003,9959,574,90
,,,,,,170318417001015,5239,65,111
,,,,,,170312610002006,7681,66,93
,,,,,,170310818002010,4265,14,132
,,,,,,170310812012004,9940,641,89
,,,,,,170310105031000,18569,849,38
,,,,,,170318371002023,10153,23,103
,,,,,,170318423002016,8192,98,6
,,,,,,170318320001012,8256,166,124
,,,,,,170310810001000,8676,0,127
,,,,,,170318013002017,9393,44,128
,,,,,,170310815003012,4980,0,90
,,,,,,170312519002007,6737,58,102
,,,,,,170318391001016,16179,0,19
,,,,,,170318093002008,11346,42,39
,,,,,,170311608004009,20368,0,105
,,,,,,170311408001007,7447,104,63
,,,,,,170316809004004,25824,11,30
,,,,,,170313007001010,4164,20,81
,,,,,,170318431002012,7080,56,111
,,,,,,170318391002000,17392,0,60
,,,,,,170318391001014,8081,604,125
,,,,,,170310406002014,4850,60,12
,,,,,,170318321001002,5829,70,123
,,,,,,170318391001006,1558,0,125
,,,,,,170313109003008,10168,152,79
,,,,,,170318355002008,4731,9,25
,,,,,,170312435002027,2842,0,6
,,,,,,170318403003014,7650,59,108
,,,,,,170310610001009,12238,74,124
,,,,,,170317707001016,12128,0,137
,,,,,,170312222002004,10242,118,104
,,,,,,170312515004018,11212,0,102
,,,,,,170312827002006,10092,32,67
,,,,,,170318131001014,5193,80,68
,,,,,,170318073004011,9657,35,51
,,,,,,170318331001017,6891,19,113
,,,,,,170310711002009,7645,64,117
,,,,,,170310818002018,14836,0,132
,,,,,,170318447002004,1167,0,81
,,,,,,170313814001000,11631,82,32
,,,,,,170310105032008,11098,70,38
,,,,,,170318368001012,9584,47,122
,,,,,,170318419001009,9044,93,113
,,,,,,170318123012007,3271,0,138
,,,,,,170318447002015,11880,69,81
,,,,,,170312801002012,7389,14,4
,,,,,,170318319002003,12932,84,15
,,,,,,170318131001010,8758,0,68
,,,,,,170318402001020,15599,29,77
,,,,,,170318346001068,14282,0,141
,,,,,,170310106004012,9438,90,43
,,,,,,170313201021022,5327,0,19
,,,,,,170318358001004,12161,52,55
,,,,,,170318331001014,13581,446,65
,,,,,,170312925002009,7701,82,82
,,,,,,170318407001006,8262,102,110
,,,,,,170312519002009,6179,23,102
,,,,,,170310408002007,7042,64,92
,,,,,,170318391002001,17123,0,60
,,,,,,170311407021000,4918,57,63
,,,,,,170311407021004,5098,75,63
,,,,,,170318358001021,11499,37,32
,,,,,,170318073005023,6982,55,51
,,,,,,170310816002003,11690,190,89
,,,,,,170318088002042,19614,66,39
,,,,,,170318314001014,5252,0,69
,,,,,,170313301021002,11546,401,33
,,,,,,170310711002008,12534,189,117
,,,,,,170318160003012,19107,236,98
,,,,,,170310301023001,14496,254,47
,,,,,,170312414001000,5705,68,7
,,,,,,170316712001000,7102,0,31
,,,,,,170318326003003,12118,118,117
,,,,,,170312925002006,7674,87,82
,,,,,,170312925003024,7702,61,83
,,,,,,170318403003016,10137,42,108
,,,,,,170311407011006,8735,0,62
,,,,,,170318358001023,10365,67,32
,,,,,,170310818001024,4239,13,11
,,,,,,170310818001036,4272,187,132
,,,,,,170312514004007,13646,136,2
,,,,,,170310506002011,5928,88,14
,,,,,,170318095002002,7161,5,52
,,,,,,170318373002009,5129,27,97
,,,,,,170318370002002,10111,93,103
,,,,,,170310810004000,16426,1249,127
,,,,,,170310629002000,20173,328,49
,,,,,,170310103004009,10870,120,130
,,,,,,170318412002021,5396,10,80
,,,,,,170318160001029,9560,42,95
,,,,,,170312414001008,17844,258,7
,,,,,,170318330001037,1185,0,85
,,,,,,170311408005017,4834,37,13
,,,,,,170313806002010,21467,99,55
,,,,,,170310406001005,4057,27,16
,,,,,,170311402002010,5219,186,63
,,,,,,170312916001013,6605,98,110
,,,,,,170312924002012,6475,21,82
,,,,,,170310615001014,7567,58,134
,,,,,,170310106004001,1957,0,43
,,,,,,170310103002012,10068,171,130
,,,,,,170311408003007,6956,31,13
,,,,,,170312222002001,7274,83,104
,,,,,,170310815001001,9975,416,89
,,,,,,170318307003004,12124,75,116
,,,,,,170311407011000,10296,38,63
,,,,,,170310106002007,2885,17,43
,,,,,,170318100002011,15849,166,129
,,,,,,170318093002001,7494,112,39
,,,,,,170318413002000,12583,17,80
,,,,,,170318073005027,7644,46,51
,,,,,,170318423002035,5379,75,5
,,,,,,170318100002012,16238,262,129
,,,,,,170311407012005,7625,130,62
,,,,,,170310815002012,4976,0,90
,,,,,,170312215001017,6610,87,104
,,,,,,170311408005014,5909,39,13
,,,,,,170310625001006,9920,108,15
,,,,,,170311610001013,27278,49,57
,,,,,,170312515002015,7335,33,102
,,,,,,170316904004011,13566,73,72
,,,,,,170318160001031,10001,65,95
,,,,,,170318391001018,17231,0,125
,,,,,,170318424002004,20413,149,24
,,,,,,170312925003014,11759,92,83
,,,,,,170318330001010,12420,23,85
,,,,,,170318093001018,16480,109,39
,,,,,,170310818001022,5433,11,11
,,,,,,170312518002006,7434,81,102
,,,,,,170313806002011,4340,58,55
,,,,,,170318138022001,19423,114,112
,,,,,,170313109003007,10359,184,79
,,,,,,170318123012012,7400,0,138
,,,,,,170310711001002,5744,44,50
,,,,,,170313206002001,3137,0,21
,,,,,,170318093003021,6835,0,121
,,,,,,170310629001009,5160,51,49
,,,,,,170312607002011,10331,38,93
,,,,,,170313302002031,10628,202,87
,,,,,,170318356002017,15217,70,142
,,,,,,170318308002004,37420,130,16
,,,,,,170310717002001,6126,96,91
,,,,,,170316903001009,13293,57,72
,,,,,,170313206002013,7977,529,21
,,,,,,170312602001016,4623,31,119
,,,,,,170313206002007,5284,0,21
,,,,,,170310630001009,5844,86,36
,,,,,,170312517001042,2972,0,58
,,,,,,170318330002041,7704,8,3
,,,,,,170310817002036,17716,511,132
,,,,,,170318131001007,4692,11,68
,,,,,,170318137022003,5817,111,84
,,,,,,170312819001007,17280,27,114
,,,,,,170310308001002,10160,66,131
,,,,,,170312420003004,5076,109,139
,,,,,,170318094021021,15682,0,52
,,,,,,170310804003006,6971,86,91
,,,,,,170310317001001,13686,139,35
,,,,,,170310106004002,9467,160,43
,,,,,,170318434001022,4717,48,83
,,,,,,170310623001011,4972,62,134
,,,,,,170318391001061,8514,34,133
,,,,,,170310802021001,24251,548,127
,,,,,,170318404001007,10250,40,76
,,,,,,170316912002026,5073,21,24
,,,,,,170318123013012,3056,0,1
,,,,,,170318331001015,13678,0,113
,,,,,,170318391001095,22677,27,18
,,,,,,170318131001006,4301,30,68
,,,,,,170316203005013,13951,45,74
,,,,,,170310818001009,5525,399,11
,,,,,,170312518003002,11853,0,58
,,,,,,170311402002011,5150,80,62
,,,,,,170310407002002,7730,76,92
,,,,,,170312607002007,10311,58,93
,,,,,,170318423002003,20976,128,6
,,,,,,170312420003001,9357,119,139
,,,,,,170312222002003,15284,122,104
,,,,,,170312922002015,5797,0,81
,,,,,,170311407011007,9918,161,62
,,,,,,170313301033012,4975,162,87
,,,,,,170318410001023,11404,0,87
,,,,,,170318161001006,5120,0,95
,,,,,,170318355002007,6201,3,25
,,,,,,170318070002025,2380,37,51
,,,,,,170310804001005,6981,134,91
,,,,,,170311610001001,8574,0,57
,,,,,,170310105012005,13910,261,43
,,,,,,170310817002018,10889,24,90
,,,,,,170318447003007,8692,14,111
,,,,,,170310302002011,5627,0,48
,,,,,,170310602001003,26221,107,17
,,,,,,170312514004001,17423,168,118
,,,,,,170318402001031,6037,38,77
,,,,,,170318093003022,7974,105,121
,,,,,,170318419001017,2765,0,114
,,,,,,170312206021004,17868,191,71
,,,,,,170314403005007,12184,41,24
,,,,,,170310106004011,9472,91,43
,,,,,,170310622001010,10145,139,36
,,,,,,170318125002010,8733,6,2
,,,,,,170310703002001,9592,362,50
,,,,,,170310307011002,15086,230,131
,,,,,,170310621002002,7490,194,124
,,,,,,170318132001009,4624,32,94
,,,,,,170313201021017,4854,0,19
,,,,,,170310703001003,12598,58,44
,,,,,,170318404001008,8501,0,76
,,,,,,170313006001000,9888,44,81
,,,,,,170310703001011,6678,209,50
,,,,,,170318402001021,7720,0,77
,,,,,,170318132004012,5680,44,94
,,,,,,170315905001017,20522,206,108
,,,,,,170318127001007,9423,33,101
,,,,,,170313818002000,4177,0,73
,,,,,,170318137022000,5902,11,84
,,,,,,170318330002029,6237,0,3
,,,,,,170316810004000,7971,0,30
,,,,,,170318419001026,42924,547,113
,,,,,,170312518004000,23610,4,58
,,,,,,170310402013014,5130,0,92
,,,,,,170316903002002,19425,0,72
,,,,,,170318307002004,6115,0,35
,,,,,,170311408001001,7720,80,63
,,,,,,170312801001014,11114,0,4
,,,,,,170318319002006,9333,75,14
,,,,,,170311408004001,5110,106,63
,,,,,,170311407011008,7409,119,63
,,,,,,170318383002009,3752,0,11
,,,,,,170312610002001,4965,27,93
,,,,,,170318131001003,25507,123,68
,,,,,,170316203006017,7459,41,74
,,,,,,170311609001019,10218,104,105
,,,,,,170318358001022,10427,0,32
,,,,,,170310105021006,9088,148,38
,,,,,,170318073001013,10567,304,51
,,,,,,170318391001051,8424,0,133
,,,,,,170318125003022,16440,0,101
,,,,,,170318422001037,7367,13,37
,,,,,,170318013001003,16448,55,128
,,,,,,170318160001033,14836,40,95
,,,,,,170312922002012,15981,80,81
,,,,,,170318403003021,5138,59,108
,,,,,,170318095003016,4045,0,53
,,,,,,170312435002025,10924,4,6
,,,,,,170318330001001,1534,0,5
,,,,,,170312435002006,1028,0,6
,,,,,,170315905001019,6839,55,108
,,,,,,170310105032002,9983,87,38
,,,,,,170311609001020,10285,39,105
,,,,,,170310105032001,8582,62,38
,,,,,,170310818002016,1731,0,132
,,,,,,170312414001009,7247,29,7
,,,,,,170318319001000,9815,79,134
,,,,,,170318346001060,3572,0,141
,,,,,,170312213001010,4221,25,8
,,,,,,170312514004024,2768,0,118
,,,,,,170314207001001,20043,93,28
,,,,,,170318100001005,13309,194,46
,,,,,,170310102022007,10811,347,130
,,,,,,170318382002006,41415,0,109
,,,,,,170318320001006,12719,222,124
,,,,,,170310506001012,13823,79,64
,,,,,,170310603001002,5372,59,64
,,,,,,170310711001014,20253,238,117
,,,,,,170318391001013,1260,0,132
,,,,,,170318391001067,8752,0,133
,,,,,,170318320001004,7589,121,124
,,,,,,170310630003005,7619,114,49
,,,,,,170314003001017,8476,0,106
,,,,,,170311604002006,7476,85,57
,,,,,,170311402003012,5129,94,62
,,,,,,170318432002056,1586,0,76
,,,,,,170311610001005,8632,74,57
,,,,,,170313204001026,3081,263,136
,,,,,,170314403001014,16574,25,23
,,,,,,170312515004012,8148,69,118
,,,,,,170310302001013,5526,93,47
,,,,,,170318412002016,5175,22,80
,,,,,,170314208001009,7526,115,28
,,,,,,170310308004002,10150,53,41
,,,,,,170310818001017,5287,0,11
,,,,,,170312416002014,5025,66,139
,,,,,,170318391001071,5941,0,59
,,,,,,170310408002003,4445,12,92
,,,,,,170310624001008,5179,44,134
,,,,,,170310407003002,7746,107,92
,,,,,,170318412002018,7921,116,80
,,,,,,170312106011004,10177,52,9
,,,,,,170312925003028,13115,138,83
,,,,,,170318308001004,9986,86,16
,,,,,,170312922002010,11503,183,81
,,,,,,170310105021000,6928,212,38
,,,,,,170318326001000,25394,247,37
,,,,,,170310815002001,12341,521,89
,,,,,,170312925003016,8726,63,83
,,,,,,170314204001011,27281,196,28
,,,,,,170312435002041,9328,64,5
,,,,,,170310106001003,9726,227,43
,,,,,,170310311002005,6825,169,35
,,,,,,170318330001009,6267,0,85
,,,,,,170310312002000,22420,475,61
,,,,,,170313301033013,7749,15,87
,,,,,,170311603002001,9516,99,57
,,,,,,170310818001007,11327,3,11
,,,,,,170310407001003,7746,105,12
,,,,,,170312518002005,7474,118,102
,,,,,,170312518003003,11961,0,58
,,,,,,170318447002003,7661,13,81
,,,,,,170312206021001,6104,112,71
,,,,,,170310818001016,8562,0,11
,,,,,,170310624001003,5173,0,15
,,,,,,170318381001010,22228,0,66
,,,,,,170310803002000,25641,1035,127
,,,,,,170312520004005,6648,41,2
,,,,,,170318412002004,21373,0,80
,,,,,,170312804001034,21566,0,3
,,,,,,170313806002008,12231,64,55
,,,,,,170312403001011,9618,17,7
,,,,,,170318102001002,5087,59,129
,,,,,,170318371002008,8595,8,103
,,,,,,170318319002004,6900,51,14
,,,,,,170310710002007,20321,266,117
,,,,,,170312522023016,8521,19,69
,,,,,,170318358001003,11948,38,55
,,,,,,170315905001003,16634,16,108
,,,,,,170318307004006,5781,91,116
,,,,,,170310105031006,4360,81,38
,,,,,,170318127003000,8503,42,1
,,,,,,170312516003015,8419,98,102
,,,,,,170313206002019,3668,0,33
,,,,,,170318132001000,9007,0,94
,,,,,,170311402002008,16344,42,62
,,,,,,170318094012016,11861,90,53
,,,,,,170318095003001,11924,39,53
,,,,,,170318101003000,11618,56,129
,,,,,,170318125003009,11287,52,101
,,,,,,170318074003022,15093,35,86
,,,,,,170316306002005,9054,16,107
,,,,,,170318330001014,12282,0,85
,,,,,,170310610001010,20044,339,124
,,,,,,170313204001038,3103,0,135
,,,,,,170318407003005,9280,12,110
,,,,,,170310103004007,6177,58,130
,,,,,,170318355002014,9662,53,25
,,,,,,170312435002039,7206,181,5
,,,,,,170310630001006,8666,81,36
,,,,,,170313818002002,10407,5,73
,,,,,,170318391001052,9123,520,133
,,,,,,170310803003006,7840,28,91
,,,,,,170311609002027,9954,32,105
,,,,,,170312518003001,4894,0,58
,,,,,,170318346001058,6126,0,141
,,,,,,170318132001016,10338,50,94
,,,,,,170310301023002,14574,314,47
,,,,,,170318321002007,8826,223,123
,,,,,,170310105021005,6984,257,38
,,,,,,170314004001003,16794,2,106
,,,,,,170311407011005,11102,209,62
,,,,,,170312801002002,9711,356,4
,,,,,,170318346001056,4936,0,141
,,,,,,170316203006016,3352,60,74
,,,,,,170318412002027,5573,0,80
,,,,,,170318407003006,11138,102,110
,,,,,,170310630002002,7026,164,49
,,,,,,170312206021009,10750,146,71
,,,,,,170313108003001,7917,145,78
,,,,,,170318358001002,10219,34,55
,,,,,,170310603001003,5338,91,64
,,,,,,170318137022006,5823,50,84
,,,,,,170311408004002,9464,165,63
,,,,,,170311105022008,20612,112,22
,,,,,,170310603001013,4878,24,64
,,,,,,170313206001008,13639,526,33
,,,,,,170318123012010,14363,75,138
,,,,,,170313301021004,11615,213,33
,,,,,,170310815003007,8239,939,90
,,,,,,170312415003003,13306,106,7
,,,,,,170312827002003,14613,0,67
,,,,,,170310817002031,1430,0,132
,,,,,,170318138023003,7602,81,112
,,,,,,170310610001008,7867,42,124
,,,,,,170318013001013,12464,41,128
,,,,,,170318368001019,5234,76,122
,,,,,,170310818001010,5135,0,11
,,,,,,170312222002012,7513,168,104
,,,,,,170316708002019,7779,50,31
,,,,,,170315905001011,19327,22,108
,,,,,,170318391002019,8722,0,60
,,,,,,170314206002005,7651,106,29
,,,,,,170314206002004,7486,82,29
,,,,,,170318138022002,10373,74,112
,,,,,,170318391001056,8509,12,54
,,,,,,170316203006019,10259,75,74
,,,,,,170312609002004,10392,83,93
,,,,,,170310629001004,7570,114,49
,,,,,,170318330001038,1191,0,85
,,,,,,170312414001001,8297,77,7
,,,,,,170312106013004,7716,121,9
,,,,,,170318132001004,4699,65,94
,,,,,,170313206002000,13283,309,21
,,,,,,170318391002042,4839,117,21
,,,,,,170312206022003,4178,111,71
,,,,,,170318447002014,6006,76,81
,,,,,,170312922001006,14580,96,81
,,,,,,170318381002031,55720,0,66
,,,,,,170312924002013,5443,9,82
,,,,,,170312520004006,9247,37,2
,,,,,,170318100003018,8504,54,129
,,,,,,170310615001004,7473,121,134
,,,,,,170318381001013,2602,0,66
,,,,,,170318128011001,11077,86,138
,,,,,,170313109002008,10379,73,79
,,,,,,170312205003010,6160,83,71
,,,,,,170310311002004,8551,0,35
,,,,,,170313108002007,15312,0,78
,,,,,,170310307011003,19438,274,131
,,,,,,170315703002013,4706,0,96
,,,,,,170318314001003,6257,1,69
,,,,,,170314003001018,6431,0,106
,,,,,,170318094012015,13305,101,53
,,,,,,170316809002009,2588,0,141
,,,,,,170310307033001,15031,241,131
,,,,,,170318138012008,5362,17,84
,,,,,,170310816002001,5430,21,89
,,,,,,170310501002024,6078,121,64
,,,,,,170310810001001,16693,428,127
,,,,,,170310301032004,7686,169,47
,,,,,,170318308001003,6461,90,16
,,,,,,170318101003016,2245,0,129
,,,,,,170313814001007,13722,71,32
,,,,,,170318330001006,6722,21,85
,,,,,,170318137021002,10265,168,84
,,,,,,170318095003014,8192,55,53
,,,,,,170318093003023,12981,173,121
,,,,,,170310306012000,17729,377,48
,,,,,,170318402001032,5904,106,77
,,,,,,170316203005011,7744,55,74
,,,,,,170316203005010,7737,52,74
,,,,,,170318308001011,7770,75,16
,,,,,,170316903002006,13353,49,72
,,,,,,170314902002018,9893,35,140
,,,,,,170312518004002,10993,55,58
,,,,,,170312801002007,9136,125,4
,,,,,,170310818001023,6896,406,11
,,,,,,170318131001016,5906,33,68
,,,,,,170316711001002,5857,0,31
,,,,,,170310817002026,11003,0,90
,,,,,,170318307004000,12218,139,116
,,,,,,170318391001017,9042,0,19
,,,,,,170312801001015,17053,0,4
,,,,,,170312514004005,2480,31,2
,,,,,,170310810002007,9001,771,89
,,,,,,170312607002008,10253,94,93
,,,,,,170310810006002,1097,18,127
,,,,,,170310501002018,6471,29,64
,,,,,,170315703002016,4491,11,96
,,,,,,170313108002000,5799,73,78
,,,,,,170310501002022,7574,66,64
,,,,,,170310717002006,659,0,91
,,,,,,170312206024003,2638,24,71
,,,,,,170318131001005,4143,32,68
,,,,,,170318368001015,13663,46,122
,,,,,,170312827002005,14823,143,67
,,,,,,170318329002006,36819,212,65
,,,,,,170318391001091,19232,12,126
,,,,,,170316903002000,21971,0,72
,,,,,,170318013001004,16618,86,128
,,,,,,170312610002000,10273,82,93
,,,,,,170318093002010,7099,73,121
,,,,,,170318419001016,2125,0,114
,,,,,,170310101002010,29549,136,40
,,,,,,170318422001036,7325,41,37
,,,,,,170318319002010,11684,169,15
,,,,,,170318102001005,8555,72,129
,,,,,,170318428004017,45422,0,107
,,,,,,170318373002004,7581,59,97
,,,,,,170313108001001,15242,55,78
,,,,,,170318355002023,3409,0,25
,,,,,,170312924002028,5525,8,82
,,,,,,170313108003002,10252,182,78
,,,,,,170318391001076,8451,0,59
,,,,,,170316912002028,5098,0,24
,,,,,,170314906001002,1489,0,140
,,,,,,170311407012006,7703,174,62
,,,,,,170312519002006,6929,61,102
,,,,,,170316711001007,10151,46,31
,,,,,,170318123012014,6250,0,138
,,,,,,170310804003005,6981,104,91
,,,,,,170312808001013,16608,98,67
,,,,,,170310407002003,7752,75,92
,,,,,,170310106001021,2498,0,43
,,,,,,170310815001002,9981,621,89
,,,,,,170318374001003,9881,80,103
,,,,,,170313201022009,19447,3,88
,,,,,,170313818002004,14907,74,73
,,,,,,170318319002016,12436,184,15
,,,,,,170316712001009,11261,4,31
,,,,,,170316913002012,12672,0,24
,,,,,,170318368001016,4382,50,122
,,,,,,170318371002005,25365,14,103
,,,,,,170318390001000,21086,469,115
,,,,,,170312435002007,4636,26,6
,,,,,,170312421001002,6003,43,139
,,,,,,170310501002016,6125,0,64
,,,,,,170310106002006,2052,25,43
,,,,,,170318013002012,9477,71,128
,,,,,,170312106013000,5113,31,9
,,,,,,170318131001015,5544,43,68
,,,,,,170310406003003,11724,43,12
,,,,,,170310404012008,5283,37,12
,,,,,,170313514001003,19198,7,45
,,,,,,170310625001012,4239,56,15
,,,,,,170318391001072,7733,236,99
,,,,,,170312602001003,10430,28,119
,,,,,,170310625001003,10007,123,15
,,,,,,170318160001027,5585,0,95
,,,,,,170318330002032,2914,0,3
,,,,,,170312827002002,11058,0,67
,,,,,,170318329002001,12823,0,65
,,,,,,170310105031001,6995,65,38
,,,,,,170318346001055,5424,0,141
,,,,,,170312203002018,6111,30,8
,,,,,,170318382002008,26669,0,109
,,,,,,170310102021001,17193,0,40
,,,,,,170311602004004,1585,14,10
,,,,,,170310718002002,5385,0,37
,,,,,,170310816002002,11674,861,89
,,,,,,170310818001001,10730,43,11
,,,,,,170313109001014,12170,83,79
,,,,,,170310623001010,5033,60,134
,,,,,,170318340002008,10043,43,140
,,,,,,170310312003002,20771,30,61
,,,,,,170318369001001,11132,106,42
,,,,,,170310106004000,3026,0,43
,,,,,,170313108002006,12732,210,78
,,,,,,170318131001018,6647,32,68
,,,,,,170318391001069,11976,27,59
,,,,,,170311005001008,16113,57,100
,,,,,,170310704001002,9672,119,44
,,,,,,170312206021007,2516,52,71
,,,,,,170312403001012,10851,87,7
,,,,,,170310621002003,6783,121,124
,,,,,,170310715004007,9292,134,91
,,,,,,170310301031001,8760,20,47
,,,,,,170312522023018,4709,14,69
,,,,,,170318330002030,12468,0,3
,,,,,,170318094021012,19735,0,52
,,,,,,170310818001015,6570,22,11
,,,,,,170318423002017,8189,72,6
,,,,,,170318161001018,5771,12,95
,,,,,,170310302002013,5196,79,48
,,,,,,170318391001019,17201,11,125
,,,,,,170310802023004,12645,392,127
,,,,,,170312106013001,5127,60,9
,,,,,,170311407012009,7649,109,62
,,,,,,170318013002006,11107,17,128
,,,,,,170318125002009,13908,252,2
,,,,,,170310406002013,4191,73,12
,,,,,,170318423002038,6894,10,5
,,,,,,170312216002020,8584,76,104
,,,,,,170311407011012,7704,107,63
,,,,,,170310506001001,6420,65,64
,,,,,,170313108001008,8008,125,78
,,,,,,170318380002023,6173,72,67
,,,,,,170313515002002,5828,87,26
,,,,,,170310811003000,9230,513,127
,,,,,,170310815001000,12399,23,89
,,,,,,170310703001010,5889,33,50
,,,,,,170318371001009,11155,48,42
,,,,,,170310804003001,6112,38,91
,,,,,,170310810006001,9872,300,127
,,,,,,170318419001010,16582,0,113
,,,,,,170312925003021,7727,68,83
,,,,,,170312435002020,2901,50,6
,,,,,,170316306001015,5840,85,107
,,,,,,170312206024002,4317,102,71
,,,,,,170310804001006,7880,104,91
,,,,,,170310810001002,1851,0,127
,,,,,,170310407001009,7452,96,12
,,,,,,170312522025010,5262,3,69
,,,,,,170313201022008,10514,485,88
,,,,,,170313206002014,7986,564,33
,,,,,,170314003001020,15651,0,106
,,,,,,170318093002016,9707,59,121
,,,,,,170310623001007,5358,75,134
,,,,,,170318013002018,12441,28,128
,,,,,,170318123012011,6516,0,138
,,,,,,170318321002001,11092,148,123
,,,,,,170318311002000,8331,92,105
,,,,,,170318013001002,15719,65,128
,,,,,,170310625001002,10158,89,15
,,,,,,170318123012009,21144,379,138
,,,,,,170310615001008,7476,84,134
,,,,,,170318346001070,6096,0,141
,,,,,,170310603001011,4838,53,64
,,,,,,170314004001007,6908,78,106
,,,,,,170318100002009,10096,0,129
,,,,,,170318095002001,13492,301,52
,,,,,,170313109003011,10294,114,79
,,,,,,170315703002015,4667,22,96
,,,,,,170310818002012,9190,290,132
,,,,,,170313301021006,12039,0,143
,,,,,,170318319001001,10598,109,134
,,,,,,170312516003013,8368,58,102
,,,,,,170310506001006,5448,52,64
,,,,,,170318320001013,8663,176,124
,,,,,,170318330001033,1230,0,85
,,,,,,170310408001005,7097,47,12
,,,,,,170311610002001,8587,37,57
,,,,,,170318100001008,8790,0,46
,,,,,,170312106022002,4183,64,9
,,,,,,170313515002003,10470,84,45
,,,,,,170310103002005,3941,71,130
,,,,,,170311003002011,4986,20,100
,,,,,,170312514004027,5147,0,118
,,,,,,170312607002015,5619,74,93
,,,,,,170314004001002,8410,7,106
,,,,,,170311609002015,10599,46,105
,,,,,,170312801001004,5827,0,4
,,,,,,170312435001000,4864,0,6
,,,,,,170312414001013,5271,78,7
,,,,,,170312421001000,6081,137,139
,,,,,,170318330002067,5005,0,85
,,,,,,170318326002006,4589,58,117
,,,,,,170312214002006,7524,54,8
,,,,,,170318093002019,5681,36,121
,,,,,,170314406002007,10238,49,23
,,,,,,170318319002017,8041,97,15
,,,,,,170318319002015,8135,61,15
,,,,,,170312435001003,4065,0,6
,,,,,,170318320001002,11626,234,124
,,,,,,170318319001007,7994,89,15
,,,,,,170318314001027,7618,38,69
,,,,,,170310818002008,10722,287,132
,,,,,,170318073004000,8288,34,51
,,,,,,170311407012000,5154,0,62
,,,,,,170318447001009,16806,94,81
,,,,,,170310818002011,11278,259,132
,,,,,,170318391001012,1160,0,132
,,,,,,170310812012007,7298,181,89
,,,,,,170310630001003,6589,111,36
,,,,,,170312434001002,2234,0,6
,,,,,,170310629001006,5292,38,49
,,,,,,170310103004005,15425,270,130
,,,,,,170310711002010,12686,134,117
,,,,,,170310621003005,7832,0,36
,,,,,,170314004001001,4921,0,106
,,,,,,170318138013003,1388,0,84
,,,,,,170310622001011,10248,136,36
,,,,,,170310818001019,6891,0,11
,,,,,,170310407003007,5647,36,92
,,,,,,170310406002015,4870,46,12
,,,,,,170318346001045,3559,3,141
,,,,,,170311609001028,1337,0,105
,,,,,,170316711001008,10190,47,31
,,,,,,170310812012009,10529,14,89
,,,,,,170318077001000,11421,0,86
,,,,,,170318412002022,4628,18,80
,,,,,,170318093003024,11404,247,121
,,,,,,170318402001027,25707,47,77
,,,,,,170312924002011,6437,34,82
,,,,,,170312517001043,4322,20,58
,,,,,,170311105022029,10100,0,22
,,,,,,170313206002003,8127,19,21
,,,,,,170318391002044,1101,7,21
,,,,,,170318391002029,1401,0,70
,,,,,,170318074003023,5200,58,86
,,,,,,170312801002014,7540,225,4
,,,,,,170318123012005,21972,105,138
,,,,,,170310507001006,5873,25,14
,,,,,,170312214001010,7698,114,8
,,,,,,170314206002006,7613,71,29
,,,,,,170312205003002,10294,100,71
,,,,,,170313012001002,13044,111,110
,,,,,,170313405001006,14342,0,26
,,,,,,170318307002001,11349,134,35
,,,,,,170316712001007,6403,24,31
,,,,,,170312206022000,4005,58,71
,,,,,,170310306031002,15181,189,131
,,,,,,170313514001004,13471,4,45
,,,,,,170310103002010,8630,188,130
,,,,,,170318129002021,5971,0,94
,,,,,,170313301033008,9237,92,87
,,,,,,170318161001010,4481,12,95
,,,,,,170312205002001,4140,0,71
,,,,,,170310102021008,4246,26,40
,,,,,,170310301042000,12389,615,47
,,,,,,170310818001037,4275,219,132
,,,,,,170312413001000,5680,60,7
,,,,,,170310624001007,7649,97,134
,,,,,,170312435002024,2077,7,6
,,,,,,170310103002015,9289,118,130
,,,,,,170318370002000,10382,129,103
,,,,,,170316115002005,10288,12,107
,,,,,,170312403001013,20517,151,7
,,,,,,170318319002001,10244,83,15
,,,,,,170310817002028,4307,32,132
,,,,,,170318434001021,4658,30,83
,,,,,,170318132001003,5385,31,94
,,,,,,170313108001000,5757,41,78
,,,,,,170310406001014,4042,32,16
,,,,,,170318391001080,8494,0,133
,,,,,,170310623001015,5372,67,134
,,,,,,170318391001093,5034,0,126
,,,,,,170311408005024,8151,54,13
,,,,,,170310817002023,1347,0,132
,,,,,,170312205002003,4899,17,71
,,,,,,170318073002000,16825,0,86
,,,,,,170311408005010,7780,127,13
,,,,,,170318391001074,9761,18,59
,,,,,,170318138013004,1403,0,84
,,,,,,170318371002025,7703,16,103
,,,,,,170318391002035,12829,0,115
,,,,,,170318073001005,12457,153,51
,,,,,,170310812011002,9659,316,89
,,,,,,170313206001007,13804,1306,33
,,,,,,170314003001021,27407,286,106
,,,,,,170318307003005,14579,334,116
,,,,,,170314207005000,20181,96,29
,,,,,,170310506001011,6167,9,64
,,,,,,170316913002013,13551,38,24
,,,,,,170318159001007,5783,28,138
,,,,,,170312804001007,10170,0,3
,,,,,,170318137021001,10165,193,84
,,,,,,170310810005003,1828,0,11
,,,,,,170310711001006,4748,60,50
,,,,,,170316708002024,5090,0,31
,,,,,,170313201021033,9703,283,20
,,,,,,170318419001020,13945,0,114
,,,,,,170310802022003,5576,82,127
,,,,,,170318132001010,4499,44,94
,,,,,,170310103004003,11089,137,130
,,,,,,170310815002002,9935,621,89
,,,,,,170318368001009,8545,0,122
,,,,,,170318330001016,8025,20,85
,,,,,,170318371002013,8173,44,103
,,,,,,170315905001018,8133,71,108
,,,,,,170313206002002,10014,170,21
,,,,,,170318391001087,8581,28,60
,,,,,,170310506001019,5699,72,64
,,,,,,170312415003002,12796,119,7
,,,,,,170318093002009,6560,49,121
,,,,,,170318125003011,11837,33,101
,,,,,,170312520004012,9384,96,2
,,,,,,170312205002004,2431,0,71
,,,,,,170310105031007,7919,69,38
,,,,,,170310301031004,5541,254,47
,,,,,,170313201021015,1312,0,19
,,,,,,170318132001001,13413,0,94
,,,,,,170311407011013,7666,140,63
,,,,,,170313201021032,5861,0,88
,,,,,,170318100002010,15571,247,129
,,,,,,170312518003007,9766,72,58
,,,,,,170318340002007,4187,0,140
,,,,,,170318077001005,4807,47,86
,,,,,,170318320001014,8810,141,124
,,,,,,170311408005016,4014,35,13
,,,,,,170318307004007,4760,84,116
,,,,,,170312106012005,10133,57,9
,,,,,,170312924002027,7468,67,82
,,,,,,170318101001008,4909,0,46
,,,,,,170318326002005,4208,38,117
,,,,,,170312608002006,10208,122,93
,,,,,,170312519003007,8379,101,118
,,,,,,170312516002005,8427,42,102
,,,,,,170310816001000,11723,424,90
,,,,,,170316708002013,7649,24,31
,,,,,,170318326001006,7270,0,37
,,,,,,170313302002007,2532,0,143
,,,,,,170312514004006,13114,65,2
,,,,,,170318434001002,1966,0,82
,,,,,,170316708002010,4924,18,31
,,,,,,170316708002016,5173,34,31
,,,,,,170318132001017,10341,51,94
,,,,,,170318419001022,2244,0,114
,,,,,,170310409001009,7037,76,12
,,,,,,170318358001007,12206,125,55
,,,,,,170318161001021,7659,46,95
,,,,,,170318391002018,17333,0,60
,,,,,,170318391002045,4300,0,70
,,,,,,170310817002009,10874,189,90
,,,,,,170311407011003,8523,117,63
,,,,,,170310105022004,7295,98,43
,,,,,,170311408005029,9960,41,13
,,,,,,170318132001011,4921,56,94
,,,,,,170312520004002,13292,186,2
,,,,,,170318126004010,9353,38,101
,,,,,,170311601002020,4432,0,10
,,,,,,170312106013008,7735,76,9
,,,,,,170318412002013,4837,13,80
,,,,,,170318423002015,9605,54,6
,,,,,,170318159001003,8231,17,138
,,,,,,170312518003006,12586,102,58
,,,,,,170318094021013,8043,74,52
,,,,,,170310802023003,22584,783,127
,,,,,,170313301033018,8829,11,87
,,,,,,170312414001011,7903,122,7
,,,,,,170318330001013,12327,23,85
,,,,,,170318330001036,13590,78,85
,,,,,,170318101001004,10466,81,46
,,,,,,170310105013007,7429,160,43
,,,,,,170318391002021,15823,1067,60
,,,,,,170318094021019,11290,0,52
,,,,,,170316203005012,7927,57,74
,,,,,,170318073004023,10263,32,51
,,,,,,170318129002020,4943,61,94
,,,,,,170310501002017,7181,0,64
,,,,,,170318324002013,10231,105,104
,,,,,,170318391002008,17051,0,60
,,,,,,170312435002005,9515,0,6
,,,,,,170312514004000,18219,11,118
,,,,,,170310621003001,5452,105,36
,,,,,,170310615001010,5207,8,134
,,,,,,170310307033003,23544,327,41
,,,,,,170318074003024,5266,9,86
,,,,,,170318420002008,23958,20,45
,,,,,,170312222002002,7573,65,104
,,,,,,170310615001015,11598,82,134
,,,,,,170311105022011,3196,0,22
,,,,,,170310711002012,7801,66,117
,,,,,,170310715004005,8046,80,91
,,,,,,170311408001003,5000,50,63
,,,,,,170318138023000,2463,0,112
,,,,,,170318128011000,11990,161,138
,,,,,,170316707002011,15213,24,31
,,,,,,170310630001001,7722,135,36
,,,,,,170318391001062,8705,0,133
,,,,,,170318329002010,8091,141,65
,,,,,,170310506001008,5664,36,64
,,,,,,170318419001021,2233,19,114
,,,,,,170310802023002,3634,143,127
,,,,,,170312924002005,11813,6,82
,,,,,,170313201022006,1819,0,88
,,,,,,170310308004001,10036,79,41
,,,,,,170312206021005,4425,56,71
,,,,,,170312924002015,8475,50,82
,,,,,,170318093001001,24508,0,120
,,,,,,170318161001001,4715,0,95
,,,,,,170314406002002,15814,34,23
,,,,,,170318410001016,3076,18,87
,,,,,,170318447002010,18894,82,81
,,,,,,170310703002003,16186,214,50
,,,,,,170310711002003,4778,24,50
,,,,,,170313109002005,10406,158,79
,,,,,,170318330002027,9303,0,3
,,,,,,170318391001054,8470,0,133
,,,,,,170310615001011,7596,75,134
,,,,,,170310630001008,11144,171,36
,,,,,,170312214001013,15869,179,8
,,,,,,170313806002007,26882,170,55
,,,,,,170316306001000,9860,41,107
,,,,,,170312520004004,6426,67,2
,,,,,,170318160003008,6279,29,98
,,,,,,170310106001002,2012,0,43
,,,,,,170318412002017,7934,117,80
,,,,,,170312214002001,8682,54,8
,,,,,,170318307004005,4997,113,116
,,,,,,170318161001005,5140,36,95
,,,,,,170318126004001,8115,113,101
,,,,,,170311105022004,5137,51,22
,,,,,,170318355002031,9917,8,25
,,,,,,170318324002010,10143,94,104
,,,,,,170318407003020,7799,69,110
,,,,,,170318314001002,12870,44,69
,,,,,,170310501001004,12560,114,17
,,,,,,170318371002015,21149,0,103
,,,,,,170318410001015,1026,0,87
,,,,,,170318407001003,13554,162,110
,,,,,,170318128011002,11807,86,138
,,,,,,170318417001019,5393,1,111
,,,,,,170318308001012,8878,126,16
,,,,,,170312421001007,7034,145,139
,,,,,,170310622001000,6748,40,124
,,,,,,170318073001006,5246,52,51
,,,,,,170318098001000,12554,140,53
,,,,,,170318098002003,4898,37,53
,,,,,,170318329002003,12971,0,65
,,,,,,170318161001000,5666,0,95
,,,,,,170311402002007,7743,214,62
,,,,,,170310704002004,6353,94,50
,,,,,,170318383002007,4768,24,11
,,,,,,170311408005013,7773,100,63
,,,,,,170318319002008,7228,44,15
,,,,,,170312434001001,1506,0,6
,,,,,,170314906001014,4192,0,140
,,,,,,170310630001012,6225,6,49
,,,,,,170318391001008,1371,0,19
,,,,,,170318125002014,7163,0,2
,,,,,,170310406002002,5663,23,12
,,,,,,170318434001009,2020,0,83
,,,,,,170316912002019,4748,20,24
,,,,,,170310408002002,6894,48,92
,,,,,,170311408005001,4817,27,13
,,,,,,170312414001003,10869,159,7
,,,,,,170318447002001,8568,5,81
,,,,,,170310718001011,5253,38,37
,,,,,,170318094021000,9026,54,121
,,,,,,170310306041002,11735,266,131
,,,,,,170310302002014,5725,76,48
,,,,,,170310101002005,7324,184,40
,,,,,,170313109002007,10416,126,79
,,,,,,170310307033004,11759,226,41
,,,,,,170316904003003,13430,96,72
,,,,,,170318077001004,4747,32,86
,,,,,,170310818001018,4267,26,11
,,,,,,170318330001011,8188,104,85
,,,,,,170318330001032,12316,104,85
,,,,,,170313302002001,3784,0,143
,,,,,,170318319001006,12352,38,15
,,,,,,170311407011014,7696,96,63
,,,,,,170314906001019,7631,15,140
,,,,,,170318417001020,5186,0,111
,,,,,,170310812012001,5469,252,89
,,,,,,170318391001042,17308,0,54
,,,,,,170316904003004,13582,128,72
,,,,,,170312801001011,10482,280,4
,,,,,,170310306012001,22767,89,48
,,,,,,170318095003013,10129,58,53
,,,,,,170318095002011,5487,115,52
,,,,,,170310816001008,5920,0,90
,,,,,,170312222002008,9328,119,104
,,,,,,170313806002009,11782,56,55
,,,,,,170312801002011,7455,257,4
,,,,,,170313201022010,17233,12,88
,,,,,,170310506001009,5629,43,64
,,,,,,170312519003010,11499,127,118
,,,,,,170318356002018,6737,0,142
,,,,,,170312514004015,13571,94,2
,,,,,,170312515002014,5231,22,102
,,,,,,170315905001021,7161,42,108
,,,,,,170318101001005,18838,104,46
,,,,,,170318077001003,4872,53,86
,,,,,,170313806003001,12972,0,56
,,,,,,170310406001000,6979,0,16
,,,,,,170310307031001,19403,21,41
,,,,,,170318307004001,23402,114,116
,,,,,,170315703002010,4203,43,96
,,,,,,170312206022020,8673,193,71
,,,,,,170310104003003,6442,33,38
,,,,,,170318321003005,13079,276,123
,,,,,,170318093001019,5968,20,39
,,,,,,170313206001006,2377,0,33
,,,,,,170313109001010,10364,112,79
,,,,,,170314208001002,22227,49,28
,,,,,,170311610001003,28642,0,57
,,,,,,170318447003010,10271,29,111
,,,,,,170312215001018,5698,48,104
,,,,,,170312106012006,10087,106,9
,,,,,,170318132001002,7289,0,94
,,,,,,170312801001003,11237,0,4
,,,,,,170318132001008,4265,37,94
,,,,,,170313206001009,5158,407,33
,,,,,,170310501002014,7434,77,64
,,,,,,170318093002002,6093,73,39
,,,,,,170318093002005,7654,102,39
,,,,,,170312602001011,9664,65,119
,,,,,,170311407011009,7525,101,63
,,,,,,170313109003012,10386,158,79
,,,,,,170318358001020,4397,38,32
,,,,,,170318129003022,8739,24,94
,,,,,,170318099002016,13572,187,46
,,,,,,170318100001006,13464,345,46
,,,,,,170316502005003,10306,36,74
,,,,,,170316306002001,4986,60,107
,,,,,,170316203005014,5117,24,74
,,,,,,170316809002000,4280,0,141
,,,,,,170310407003000,5100,56,92
,,,,,,170310817001004,1363,0,11
,,,,,,170310301031000,12498,328,47
,,,,,,170313009002001,5184,0,111
,,,,,,170313815001006,6110,0,32
,,,,,,170310630002003,5792,52,49
,,,,,,170311609001023,7951,37,105
,,,,,,170315905001005,8062,51,108
,,,,,,170318330001012,4306,23,85
,,,,,,170312435001026,9678,0,5
,,,,,,170318099002018,10043,141,46
,,,,,,170318131001002,5145,87,68
,,,,,,170318373001002,5083,30,97
,,,,,,170312206024000,18903,215,71
,,,,,,170312206021000,16064,223,71
,,,,,,170312924001009,6319,42,82
,,,,,,170318447003005,7509,65,111
,,,,,,170318417001017,5993,68,111
,,,,,,170313206002015,3807,56,33
,,,,,,170316712001008,7546,0,31
,,,,,,170312610002004,11187,79,93
,,,,,,170312518004004,14569,49,58
,,,,,,170310603002009,6808,78,14
,,,,,,170312819001006,17524,16,114
,,,,,,170318073004022,10930,42,51
,,,,,,170318391001079,8679,0,133
,,,,,,170312214002008,5001,68,8
,,,,,,170310815003003,9937,668,90
,,,,,,170318423002020,9079,81,6
,,,,,,170317707001021,24141,0,137
,,,,,,170310105011002,6752,204,43
,,,,,,170312414001012,5746,108,7
,,,,,,170318320001003,3804,51,124
,,,,,,170318391001044,9039,33,20
,,,,,,170312801002006,8169,247,4
,,,,,,170318314001021,5237,0,69
,,,,,,170318391001057,9043,148,54
,,,,,,170311408005027,7459,45,13
,,,,,,170318094021011,6559,39,52
,,,,,,170310507001014,5989,61,14
,,,,,,170314902002019,9879,18,140
,,,,,,170318371002019,4146,40,103
,,,,,,170318428004035,19553,0,75
,,,,,,170310104003004,10999,352,38
,,,,,,170316903002003,1673,0,72
,,,,,,170310812012008,8297,367,89
,,,,,,170310406003005,5352,0,12
,,,,,,170318127003001,8967,32,1
,,,,,,170313204001021,19949,470,135
,,,,,,170318329002000,13862,0,65
,,,,,,170318382002001,20426,0,109
,,,,,,170314207005008,10201,4,29
,,,,,,170318319002013,8137,97,15
,,,,,,170318127003007,9500,38,1
,,,,,,170318326002001,16100,52,117
,,,,,,170312925003009,11801,68,83
,,,,,,170312808001008,10681,64,67
,,,,,,170311608003006,10278,83,105
,,,,,,170316904004010,12232,16,72
,,,,,,170313204001011,18481,145,99
,,,,,,170318331004013,6866,0,113
,,,,,,170310104003007,7192,358,38
,,,,,,170316809004003,27273,0,30
,,,,,,170312801002004,13814,1098,4
,,,,,,170310603002008,7561,91,14
,,,,,,170311407012001,5134,34,62
,,,,,,170318346001044,8413,0,141
,,,,,,170313302001001,1617,0,27
,,,,,,170318356002016,17966,56,142
,,,,,,170312435002026,2905,0,6
,,,,,,170318423002025,7184,12,5
,,,,,,170310803003005,25423,392,91
,,,,,,170312801002010,8550,165,4
,,,,,,170318131001011,18934,0,68
,,,,,,170318390001002,15705,693,115
,,,,,,170316115002007,5068,25,107
,,,,,,170310406003013,7401,34,12
,,,,,,170310704002003,15189,12,50
,,,,,,170318138022000,2506,21,112
,,,,,,170318137011018,28723,0,112
,,,,,,170316712001006,6758,17,31
,,,,,,170312214002005,15518,114,8
,,,,,,170318412002019,7825,156,80
,,,,,,170310815003004,9953,0,90
,,,,,,170311609001022,9726,47,105
,,,,,,170312206021002,10984,153,71
,,,,,,170318447003013,7228,120,111
,,,,,,170310506002010,6225,0,14
,,,,,,170318123013017,6148,0,1
,,,,,,170318331001013,28584,370,65
,,,,,,170318419001040,10315,0,114
,,,,,,170312519002004,4793,2,102
,,,,,,170318403003017,10261,92,108
,,,,,,170313818001011,7054,179,73
,,,,,,170318431002013,7140,71,111
,,,,,,170318073005024,6450,54,51
,,,,,,170310703001001,20372,372,44
,,,,,,170313204001016,1739,0,135
,,,,,,170313109002002,10437,180,79
,,,,,,170318391001043,18109,675,54
,,,,,,170315703002017,26197,0,96
,,,,,,170318307003003,18269,78,116
,,,,,,170318093002006,6531,45,39
,,,,,,170318411004001,2027,29,27
,,,,,,170312801001002,17169,0,4
,,,,,,170318355002030,5264,9,25
,,,,,,170318330001017,12314,112,85
,,,,,,170318314001029,1170,0,69
,,,,,,170310106004010,7512,132,43
,,,,,,170312519002008,6529,39,102
,,,,,,170313204001005,29986,0,135
,,,,,,170310507001000,5943,0,14
,,,,,,170310506001013,6954,85,64
,,,,,,170311402002006,7600,78,62
,,,,,,170318319002005,3123,32,14
,,,,,,170318417001016,4941,53,111
,,,,,,170312924002017,6014,20,82
,,,,,,170318407003018,7609,147,110
,,,,,,170315905001004,17871,62,108
,,,,,,170318127003003,9447,37,1
,,,,,,170310301031002,6839,208,47
,,,,,,170318131001009,14102,0,68
,,,,,,170310305003007,6839,20,131
,,,,,,170313806003015,13416,198,56
,,,,,,170313201022013,1872,12,88
,,,,,,170318447001010,5604,36,81
,,,,,,170310105031003,5100,58,38
,,,,,,170310408002004,5245,34,92
,,,,,,170318391001097,8576,0,18
,,,,,,170318423002012,17350,24,6
,,,,,,170310308003000,11383,6,41
,,,,,,170311610001002,5593,0,57
,,,,,,170314004001008,5823,15,106
,,,,,,170318410001021,26273,0,87
,,,,,,170318331001007,9988,164,65
,,,,,,170310302001012,8441,56,47
,,,,,,170318319002007,5048,35,15
,,,,,,170311105021007,5355,31,22
,,,,,,170316306001002,6011,73,107
,,,,,,170313405001001,7799,0,26
,,,,,,170314004001000,9830,0,106
,,,,,,170310812012005,5341,65,89
,,,,,,170318307002006,7751,59,35
,,,,,,170318320001005,13038,108,124
,,,,,,170310104003012,6386,157,38
,,,,,,170318137022005,5797,58,84
,,,,,,170314003001016,12641,0,106
,,,,,,170318423002021,4671,37,6
,,,,,,170318123013006,5458,74,1
,,,,,,170318324002005,10352,93,104
,,,,,,170318138012015,7872,0,84
,,,,,,170318321003002,20221,317,123
,,,,,,170318131001001,5242,129,68
,,,,,,170312435002044,8439,0,5
,,,,,,170318358001005,27020,162,55
,,,,,,170318447002008,7264,51,81
,,,,,,170310717002002,19526,244,91
,,,,,,170318390004006,4842,51,21
,,,,,,170318330001007,11021,0,85
,,,,,,170310804001001,742,22,91
,,,,,,170312215001016,9821,42,104
,,,,,,170312205003005,5717,47,71
,,,,,,170318391001034,8497,0,125
,,,,,,170318330001034,1229,10,85
,,,,,,170318314001023,7603,34,69
,,,,,,170310815002011,4929,11,90
,,,,,,170318131001008,13203,0,68
,,,,,,170312801001013,5881,29,4
,,,,,,170312106012007,10603,116,9
,,,,,,170312106011005,10225,117,9
,,,,,,170313515002000,11695,182,45
,,,,,,170311408003008,6975,29,13
,,,,,,170318137022002,5796,80,84
,,,,,,170318308001002,33923,147,16
,,,,,,170310710001000,20335,608,50
,,,,,,170318308003000,9174,0,17
,,,,,,170318331001016,6767,123,113
,,,,,,170318098002018,15973,122,46
,,,,,,170318434001006,1844,0,83
,,,,,,170318390004000,208,0,21
,,,,,,170310305001005,5217,54,48
,,,,,,170310305001000,5204,31,48
,,,,,,170310103001004,11770,134,130
,,,,,,170316707002013,5366,6,31
,,,,,,170316711001004,14444,107,31
,,,,,,170312801001005,6782,350,4
,,,,,,170318308001007,12527,90,16
,,,,,,170313301021001,1895,0,33
,,,,,,170310624001000,5214,91,134
,,,,,,170318073004012,8952,32,51
,,,,,,170312602001007,15035,0,119
,,,,,,170310717001007,5174,81,91
,,,,,,170310407003001,5108,89,92
,,,,,,170318391002047,14513,2,115
,,,,,,170313405001016,13595,0,26
,,,,,,170312416002008,20182,262,139
,,,,,,170318013001001,17789,25,128
,,,,,,170310501002010,5672,62,64
,,,,,,170310407002006,11293,102,92
,,,,,,170310407003010,10529,77,92
,,,,,,170318391001055,8636,0,54
,,,,,,170318391001099,11601,13,60
,,,,,,170318391002009,9053,0,60
,,,,,,170313814001005,14098,149,32
,,,,,,170313806003011,27607,150,56
,,,,,,170314206002009,5083,5,29
,,,,,,170312515004021,8640,0,118
,,,,,,170318447002009,5597,47,81
,,,,,,170318423002013,2243,0,6
,,,,,,170318094021005,6136,0,52
,,,,,,170310302002007,5599,20,47
,,,,,,170311408003009,6933,20,13
,,,,,,170310817002014,4241,96,132
,,,,,,170310106001000,3142,8,43
,,,,,,170310704001001,11504,134,44
,,,,,,170316708002011,5001,20,31
,,,,,,170318101003017,7595,81,129
,,,,,,170318391001021,7442,328,125
,,,,,,170313301033006,9273,129,87
,,,,,,170314406002004,10144,37,23
,,,,,,170318324002009,10229,131,104
,,,,,,170310507001020,8804,72,14
,,,,,,170312801002015,7514,0,4
,,,,,,170316903002001,13649,0,72
,,,,,,170313806001003,26258,204,56
,,,,,,170313201022012,8851,132,88
,,,,,,170318126004004,9423,47,101
,,,,,,170318127001000,7488,58,101
,,,,,,170312916001009,5879,30,110
,,,,,,170310815003002,10036,200,90
,,,,,,170318417001005,25480,0,111
,,,,,,170310501001003,12443,125,17
,,,,,,170318137022004,5790,85,84
,,,,,,170318419001002,14021,0,114
,,,,,,170313109002006,10418,159,79
,,,,,,170313008001000,5185,42,111
,,,,,,170312216002022,12384,91,104
,,,,,,170312214001003,7519,26,8
,,,,,,170318410001024,10211,0,87
,,,,,,170310630001005,10055,180,36
,,,,,,170318391002031,1542,0,115
,,,,,,170318371001007,12137,45,42
,,,,,,170318129002014,15406,38,94
,,,,,,170318411004000,1219,18,27
,,,,,,170318447002002,12118,56,81
,,,,,,170310711002013,7817,107,117
,,,,,,170313301021000,13430,48,33
,,,,,,170318331004015,6871,217,113
,,,,,,170318123013009,7852,43,1
,,,,,,170310625001004,9906,76,15
,,,,,,170318391001036,8640,0,133
,,,,,,170313815001000,21026,112,32
,,,,,,170318094012012,8203,89,53
,,,,,,170310816001009,6013,0,90
,,,,,,170318403003015,7768,50,108
,,,,,,170318390004001,1718,0,21
,,,,,,170316115002006,5022,21,107
,,,,,,170318330001031,4307,10,85
,,,,,,170314003001004,13588,103,106
,,,,,,170310817001000,8584,489,89
,,,,,,170310818001002,26750,450,11
,,,,,,170318077001006,4902,0,86
,,,,,,170310104003011,6696,33,38
,,,,,,170310817002035,17129,243,132
,,,,,,170311407012007,7639,188,62
,,,,,,170318358001008,11861,97,55
,,,,,,170318348002016,20574,0,30
,,,,,,170312801001012,8518,0,4
,,,,,,170318431002009,11154,58,111
,,,,,,170310621003010,5409,104,36
,,,,,,170313204001028,2434,436,136
,,,,,,170318447003008,6406,51,111
,,,,,,170316904003006,13230,0,72
,,,,,,170311402002012,5133,51,62
,,,,,,170310407001005,8297,34,12
,,,,,,170311408005006,10259,183,63
,,,,,,170310407003008,12277,42,92
,,,,,,170318391001007,2315,0,19
,,,,,,170318391001033,8489,332,133
,,,,,,170318346002011,5094,0,142
,,,,,,170312602001015,7413,4,119
,,,,,,170318412002012,7794,125,80
,,,,,,170313814001009,13700,74,32
,,,,,,170312827002000,14634,9,67
,,,,,,170311408001002,8406,103,63
,,,,,,170312801001010,8565,371,4
,,,,,,170314902002024,7311,8,140
,,,,,,170312827002010,14130,194,67
,,,,,,170318371002007,10568,55,103
,,,,,,170312421001006,6931,83,139
,,,,,,170318411001018,6526,12,27
,,,,,,170313206001010,19597,466,33
,,,,,,170310810006000,10355,74,127
,,,,,,170318094021014,7207,0,52
,,,,,,170318371002022,7005,23,103
,,,,,,170310816001006,5797,18,90
,,,,,,170312827002013,12961,125,67
,,,,,,170312808001016,21524,212,67
,,,,,,170312924001010,6312,69,82
,,,,,,170310312002001,14292,227,61
,,,,,,170318407003021,5451,23,110
,,,,,,170310407002010,9967,83,92
,,,,,,170318311001003,3002,0,105
,,,,,,170313806001004,27484,83,56
,,,,,,170310803003001,640,0,91
,,,,,,170318093002014,5242,36,121
,,,,,,170318390004005,4684,105,21
,,,,,,170310103004010,10908,122,130
,,,,,,170310406001008,4252,24,16
,,,,,,170318355002009,8061,6,25
,,,,,,170311402002013,5099,40,62
,,,,,,170318101001000,3135,0,46
,,,,,,170313108001002,12572,161,78
,,,,,,170318125003024,12158,0,101
,,,,,,170314206002010,5062,0,29
,,,,,,170312924002029,1396,0,82
,,,,,,170316904003005,12612,0,72
,,,,,,170318308003005,10798,171,17
,,,,,,170318307002002,23498,251,35
,,,,,,170318381001009,19331,9,66
,,,,,,170318434001007,2302,0,83
,,,,,,170311105022010,10491,43,22
,,,,,,170312801002013,7570,0,4
,,,,,,170318391001038,8420,0,133
,,,,,,170310301011000,2895,53,47
,,,,,,170315905001002,16397,117,108
,,,,,,170318391002033,9421,95,115
,,,,,,170312214001002,8270,69,8
,,,,,,170310406002012,5929,60,12
,,,,,,170318132001005,4707,83,94
,,,,,,170318381001008,10002,0,66
,,,,,,170314403005002,10205,35,24
,,,,,,170315905001020,18908,59,108
,,,,,,170312514004004,11260,93,2
,,,,,,170311407012008,7675,149,62
,,,,,,170318369001002,9347,113,42
,,,,,,170310603001010,4334,42,64
,,,,,,170316203005009,7708,37,74
,,,,,,170318132001006,10756,38,94
,,,,,,170318419001033,10865,0,114
,,,,,,170312610002005,7376,27,93
,,,,,,170310818001013,6670,54,11
,,,,,,170318391001015,15452,418,125
,,,,,,170318093002007,20358,105,39
,,,,,,170318411004003,8310,16,27
,,,,,,170318423002033,8593,44,6
,,,,,,170318447002005,1398,0,81
,,,,,,170314406002003,10090,8,23
,,,,,,170310506001010,5992,101,64
,,,,,,170316306002002,6018,41,107
,,,,,,170318419001008,30472,437,113
,,,,,,170310407002004,7758,128,92
,,,,,,170310406002011,5337,75,12
,,,,,,170318391001066,8995,0,133
,,,,,,170318132001015,10347,62,94
,,,,,,170318128022002,10597,33,1
,,,,,,170310815002006,9946,350,90
,,,,,,170317707001015,72282,0,137
,,,,,,170318101003015,8298,50,129
,,,,,,170312922002006,4184,13,81
,,,,,,170318358001000,4387,0,55
,,,,,,170313806001009,11099,30,56
,,,,,,170312420001003,4522,35,139
,,,,,,170318132001007,7494,35,94
,,,,,,170310711002004,5406,52,50
,,,,,,170312420001002,12318,229,139
,,,,,,170311407021008,6992,124,63
,,,,,,170318095002000,7135,25,52
,,,,,,170310311001008,6806,41,61
,,,,,,170318419001014,2700,0,114
,,,,,,170318390003005,1860,0,143
,,,,,,170318355002037,6737,30,25
,,,,,,170316502005004,14889,58,74
,,,,,,170310615001005,7473,118,134
,,,,,,170316712001001,6507,7,31
,,,,,,170318129002013,12468,104,94
,,,,,,170310105013006,7199,132,43
,,,,,,170311408003002,5145,32,13
,,,,,,170311105022014,5165,29,22
,,,,,,170315703002018,8047,0,96
,,,,,,170311408003003,5140,52,13
,,,,,,170312827002004,10182,128,67
,,,,,,170318314001020,5161,0,69
,,,,,,170310625001008,8496,129,15
,,,,,,170310603002007,6902,68,14
,,,,,,170318161001019,7707,44,95
,,,,,,170310621003006,14350,314,36
,,,,,,170312206021006,15969,132,71
,,,,,,170318391001049,2985,0,133
,,,,,,170312205003004,8195,69,71
,,,,,,170310407002008,7732,91,92
,,,,,,170310804001009,6978,116,91
,,,,,,170310103004001,9290,188,130
,,,,,,170312602001018,4545,64,119
,,,,,,170313007001011,7018,28,81
,,,,,,170318331004012,6872,380,113
,,,,,,170314205002002,20115,226,28
,,,,,,170318391002036,6278,0,115
,,,,,,170313204001035,18205,491,21
,,,,,,170318094012011,9794,454,53
,,,,,,170313201021018,7575,526,19
,,,,,,170310810003001,8796,429,127
,,,,,,170310629002004,11291,182,44
,,,,,,170318424002003,20471,119,24
,,,,,,170311408005012,7684,203,63
,,,,,,170318101003001,5499,43,129
,,,,,,170318099002003,14400,24,53
,,,,,,170310409001001,9924,73,16
,,,,,,170318319002002,4523,71,15
,,,,,,170310623001003,5340,49,134
,,,,,,170312435002032,5594,63,5
,,,,,,170310818001028,5390,0,11
,,,,,,170318074003020,7455,134,86
,,,,,,170310106001004,9489,176,43
,,,,,,170312405001021,7146,73,7
,,,,,,170318138012014,6854,0,84
,,,,,,170310307031004,23560,383,41
,,,,,,170318321002002,12168,172,123
,,,,,,170311601002019,10658,0,10
,,,,,,170313301033007,9438,8,87
,,,,,,170310408002000,5121,71,92
,,,,,,170318403003020,7562,67,108
,,,,,,170318319002012,7536,57,15
,,,,,,170312801002008,14442,565,4
,,,,,,170318074003021,7428,142,86
,,,,,,170312609002000,10487,4,93
,,,,,,170312801002016,7451,274,4
,,,,,,170313108002004,7970,99,78
,,,,,,170312925001006,11270,0,82
,,,,,,170318371002006,4634,0,103
,,,,,,170311407011011,7603,125,63
,,,,,,170310407003003,7704,101,92
,,,,,,170313204001025,4375,0,136
,,,,,,170310624001014,5175,56,134
,,,,,,170310818001021,5397,0,11
,,,,,,170312515002020,5774,0,102
,,,,,,170318447002000,1278,0,81
,,,,,,170310710002006,20343,215,117
,,,,,,170310818001011,11275,14,11
,,,,,,170318013001005,61177,63,128
,,,,,,170316711001001,5878,3,31
,,,,,,170310305001006,5206,67,48
,,,,,,170318374001001,10071,53,103
,,,,,,170318390004002,16239,237,21
,,,,,,170313819002005,7410,28,73
,,,,,,170310506001007,5524,43,64
,,,,,,170312515002005,7168,41,102
,,,,,,170318125003016,8666,55,101
,,,,,,170318125002016,5072,0,2
,,,,,,170318391002024,11203,95,18
,,,,,,170313204001027,18901,0,70
,,,,,,170318321002005,12002,161,123
,,,,,,170310407001001,10405,160,12
,,,,,,170310818001000,10636,0,11
,,,,,,170316809002003,9367,0,141
,,,,,,170318128011003,10371,304,138
,,,,,,170312205003011,1257,0,71
,,,,,,170310308003001,10090,53,41
,,,,,,170318346001057,9904,0,141
,,,,,,170318381001002,13444,0,66
,,,,,,170311105022013,5590,51,22
,,,,,,170310308004000,11338,24,41
,,,,,,170310306012002,5661,60,48
,,,,,,170313818002005,13675,34,73
,,,,,,170313201022015,2594,125,88
,,,,,,170312414001002,12579,131,7
,,,,,,170310630002010,6640,76,44
,,,,,,170310624001004,7627,96,134
,,,,,,170313201021023,5724,687,19
,,,,,,170312522023017,7984,120,69
,,,,,,170318391002034,9498,0,115
,,,,,,170310301022002,21766,49,47
,,,,,,170318321002000,9567,22,123
,,,,,,170318311002004,6801,44,105
,,,,,,170312518004003,9884,40,58
,,,,,,170310802021002,2686,451,127
,,,,,,170316401001001,12968,0,74
,,,,,,170310629001001,10221,92,36
,,,,,,170313204001034,19664,0,21
,,,,,,170310101002006,7334,138,40
,,,,,,170318423002037,9488,54,5
,,,,,,170318391001068,5552,11,133
,,,,,,170318308001014,9054,107,16
,,,,,,170318307003002,12927,159,116
,,,,,,170313814001004,10034,62,32
,,,,,,170314906001015,4296,2,140
,,,,,,170314906001020,7659,32,140
,,,,,,170313204001006,1843,17,135
,,,,,,170310621003007,5560,106,36
,,,,,,170310818002021,1932,0,132
,,,,,,170312213002004,13544,178,8
,,,,,,170310811002000,6815,494,89
,,,,,,170312522025007,5122,18,69
,,,,,,170318099002017,13494,203,46
,,,,,,170310306031001,11708,398,131
,,,,,,170318391002027,6618,602,70
,,,,,,170318138013006,5894,0,84
,,,,,,170318123013011,12121,30,1
,,,,,,170312916001011,13527,111,110
,,,,,,170310810006003,8712,924,127
,,,,,,170312925003020,5115,33,83
,,,,,,170318391001077,8671,0,60
,,,,,,170318093002015,11235,62,121
,,,,,,170318093002013,5690,41,121
,,,,,,170310103004002,12273,67,130
,,,,,,170313201021031,4537,6,88
,,,,,,170312420003006,7354,100,139
,,,,,,170313818002001,11653,21,73
,,,,,,170318382002009,28805,0,109
,,,,,,170318138012010,11813,65,84
,,,,,,170318160001030,9935,62,95
,,,,,,170313109001011,8498,81,79
,,,,,,170318138012005,5367,22,84
,,,,,,170313108002005,7851,179,78
,,,,,,170314003001005,11641,65,106
,,,,,,170310621003004,12719,105,36
,,,,,,170318371002014,5500,19,103
,,,,,,170311105021019,4947,18,22
,,,,,,170318447003011,10289,78,111
,,,,,,170310817002037,5193,19,132
,,,,,,170318404001009,1698,0,76
,,,,,,170312925002008,10228,119,82
,,,,,,170310501002015,5501,37,64
,,,,,,170314208001003,21502,84,28
,,,,,,170312519002001,1054,0,102
,,,,,,170312434001000,1004,0,6
,,,,,,170318094012003,10980,52,52
,,,,,,170310407001000,10240,33,12
,,,,,,170312924002024,2099,9,82
,,,,,,170318308001013,9033,114,16
,,,,,,170318073001011,5226,39,51
,,,,,,170318073001033,5276,55,51
,,,,,,170318391001035,8705,288,125
,,,,,,170312214001014,6052,82,8
,,,,,,170312609002002,10218,74,93
,,,,,,170310811001003,9602,232,89
,,,,,,170311003002007,29036,84,100
,,,,,,170318371001014,14132,0,42
,,,,,,170316809004005,71702,0,30
,,,,,,170312416002006,6399,22,139
,,,,,,170312435002038,4335,84,5
,,,,,,170318308003008,4388,58,17
,,,,,,170310501002020,5605,54,64
,,,,,,170318422001059,7079,0,37
,,,,,,170312601001006,10343,4,119
,,,,,,170318371002026,5004,30,103
,,,,,,170311408003006,6971,22,13
,,,,,,170312520004001,6662,34,2
,,,,,,170312520001008,22572,157,118
,,,,,,170310106001013,5365,96,43
,,,,,,170311609001027,6797,53,105
,,,,,,170310615001002,5242,73,134
,,,,,,170310102021005,13088,107,130
,,,,,,170310817001007,4294,69,11
,,,,,,170318160001015,6311,33,95
,,,,,,170318391001063,8580,535,133
,,,,,,170310507001015,6031,58,14
,,,,,,170318132001014,10329,60,94
,,,,,,170313301022002,13642,786,33
,,,,,,170310817002024,5027,14,132
,,,,,,170313818002006,13580,31,73
,,,,,,170318422001006,34689,837,37
,,,,,,170318308002001,12311,22,17
,,,,,,170312106013005,7663,75,9
,,,,,,170318447001008,5390,57,81
,,,,,,170312801002009,8720,0,4
,,,,,,170318346001059,4151,9,141
,,,,,,170310804001003,5234,63,91
,,,,,,170310101002009,19513,249,40
,,,,,,170318123012015,5643,0,138
,,,,,,170312520003002,1816,8,2
,,,,,,170316201001012,4538,37,96
,,,,,,170310409001008,7046,80,12
,,,,,,170318131001020,4929,128,68
,,,,,,170313201021025,6854,956,88
,,,,,,170316115002012,5133,128,107
,,,,,,170312801002017,7545,31,4
,,,,,,170310312001001,32139,442,35
,,,,,,170313109001007,10175,54,79
,,,,,,170312922002013,10622,119,81
,,,,,,170312827002014,1911,30,67
,,,,,,170310817002019,10188,26,132
,,,,,,170313819002009,1696,0,73
,,,,,,170312518003004,13640,29,58
,,,,,,170318333001008,1662,0,65
,,,,,,170312925003015,8765,60,83
,,,,,,170311408005023,6865,42,13
,,,,,,170318087021005,1693,0,121
,,,,,,170310106004005,1721,0,43
,,,,,,170318391001020,7406,0,125
,,,,,,170318330002043,4272,22,85
,,,,,,170312214001009,5215,35,8
,,,,,,170318391001086,8930,0,59
,,,,,,170318138023002,13106,127,112
,,,,,,170318373002000,12752,49,97
,,,,,,170310506002003,4730,29,14
,,,,,,170311408001004,7420,65,63
,,,,,,170314906001003,1071,0,140
,,,,,,170310308001001,12257,109,131
,,,,,,170313818002003,9305,60,73
,,,,,,170310818002009,6880,43,132
,,,,,,170312608002012,10291,109,93
,,,,,,170318093002011,5579,34,121
,,,,,,170318391001039,8113,0,133
,,,,,,170318390004004,4940,413,21
,,,,,,170312518003010,14961,146,58
,,,,,,170310711001001,21738,97,50
,,,,,,170313201021021,8376,0,19
,,,,,,170318340002018,19926,36,140
,,,,,,170318407003019,7552,182,110
,,,,,,170318330002048,2724,12,3
,,,,,,170318382002003,34124,10,109
,,,,,,170318391002037,1926,0,115
,,,,,,170318330001025,13547,0,85
,,,,,,170312519002000,5503,9,102
,,,,,,170310711002001,9656,45,50
,,,,,,170311408003001,5155,23,13
,,,,,,170310818002013,1686,0,132
,,,,,,170318391001053,8835,6,133
,,,,,,170311407021003,9532,90,63
,,,,,,170318419001034,12332,384,114
,,,,,,170310501001009,8928,68,64
,,,,,,170314406002005,16096,36,23
,,,,,,170318330002078,1400,0,3
,,,,,,170312214002004,30826,245,8
,,,,,,170312213002000,13503,0,8
,,,,,,170312518003011,10704,63,58
,,,,,,170318128022001,10603,50,1
,,,,,,170316904004009,3336,0,72
,,,,,,170311408005026,9969,64,13
,,,,,,170318307004004,55086,67,116
,,,,,,170318307002003,14932,107,35
,,,,,,170310307032000,11796,451,41
,,,,,,170318013002023,10075,32,128
,,,,,,170312106021006,5075,105,71
,,,,,,170312610002010,7704,54,93
,,,,,,170311408005025,9303,20,13
,,,,,,170312416002007,3120,0,139
,,,,,,170312601001005,4836,17,119
,,,,,,170316712001005,6710,33,31
,,,,,,170318128022000,10542,69,1
,,,,,,170311407011002,5138,50,63
,,,,,,170318423002036,12079,188,5
,,,,,,170318101001001,9672,23,46
,,,,,,170318126001000,35014,307,2
,,,,,,170312819001008,8516,363,114
,,,,,,170318412002024,15413,94,80
,,,,,,170318102001006,7509,157,129
,,,,,,170312216002023,4919,74,104
,,,,,,170310816002000,9086,0,89
,,,,,,170310105013008,7226,81,43
,,,,,,170318391001011,1391,0,125
,,,,,,170312214002002,6130,0,8
,,,,,,170312827002007,9609,148,67
,,,,,,170318093002017,9581,44,121
,,,,,,170312925002002,11664,57,82
,,,,,,170318391001009,1351,0,125
,,,,,,170310507001002,5512,71,14
,,,,,,170318447001003,13312,21,81
,,,,,,170312520001000,6544,12,118
,,,,,,170310817002032,5126,11,132
,,,,,,170310306031000,11775,340,131
,,,,,,170310307031003,15109,152,41
,,,,,,170313814001001,12486,62,32
,,,,,,170316810002000,2422,0,30
,,,,,,170312413001006,7239,36,7
,,,,,,170310103004004,6099,0,130
,,,,,,170310507001005,11666,56,14
,,,,,,170310408001000,12268,55,12
,,,,,,170314205002005,21170,181,28
,,,,,,170312515004011,7801,137,118
,,,,,,170318161001004,29287,1,95
,,,,,,170310404023009,6535,63,16
,,,,,,170310818002020,1014,0,132
,,,,,,170318412002010,10249,133,80
,,,,,,170310630003002,6996,0,49
,,,,,,170318138013008,7736,130,84
,,,,,,170312808001014,8939,44,67
,,,,,,170318447002007,14467,85,81
,,,,,,170318412002025,8608,17,80
,,,,,,170318160003006,5289,51,98
,,,,,,170313405001017,6671,0,26
,,,,,,170318391001085,8989,0,59
,,,,,,170310501002019,5765,63,64
,,,,,,170310407003006,7746,108,92
,,,,,,170318137021000,10485,126,84
,,,,,,170312516003014,8400,80,102
,,,,,,170310630002008,7189,68,44
,,,,,,170318307002005,5736,0,35
,,,,,,170318321001003,11464,69,123
,,,,,,170311408005015,5922,16,13
,,,,,,170310816001003,11739,1060,90
,,,,,,170310507001009,9067,98,14
,,,,,,170312602001006,14080,28,119
,,,,,,170318371001016,6061,0,42
,,,,,,170310507001007,5802,47,14
,,,,,,170318129002012,7740,56,94
,,,,,,170318101001010,7200,0,129
,,,,,,170310106004013,7535,245,43
,,,,,,170310105012006,8282,105,43
,,,,,,170318383002010,10650,0,11
,,,,,,170318125003023,12637,0,101
,,,,,,170313301033011,8066,49,87
,,,,,,170310506001003,6846,100,64
,,,,,,170318123012008,3352,0,138
,,,,,,170310623001001,5154,65,134
,,,,,,170318095003000,3700,0,53
,,,,,,170310306012003,23490,271,48
,,,,,,170310103004000,9889,68,130
,,,,,,170310506001002,6203,22,64
,,,,,,170318371002020,6327,0,103
,,,,,,170314004001004,5663,19,106
,,,,,,170310817001001,4965,14,89
,,,,,,170316707002012,5329,0,31
,,,,,,170310317001000,12435,141,35
,,,,,,170312421001003,6045,60,139
,,,,,,170316708002018,7522,28,31
,,,,,,170316809002001,3750,0,141
,,,,,,170310630002004,15088,118,44
,,,,,,170315703002011,3756,33,96
,,,,,,170310105011003,14140,306,43
,,,,,,170318319002018,12353,141,15
,,,,,,170318094012017,12402,32,53
,,,,,,170318391001098,12639,13,70
,,,,,,170318373001011,7746,84,97
,,,,,,170312517001039,4946,2,58
,,,,,,170313109003006,10357,137,79
,,,,,,170318407003017,5380,68,110
,,,,,,170318407001009,8319,147,110
,,,,,,170313301022004,5435,409,33
,,,,,,170310301022003,7083,69,47
,,,,,,170310603001012,4366,43,64
,,,,,,170310406003004,10563,47,12
,,,,,,170310409001011,9719,138,12
,,,,,,170318402001014,4560,18,77
,,,,,,170310615001009,5131,45,134
,,,,,,170318391001058,8440,0,54
,,,,,,170318423002026,7153,112,5
,,,,,,170312106011003,10240,141,9
,,,,,,170318346002004,4702,0,142
,,,,,,170318391001024,1505,0,132
,,,,,,170318391001010,1402,0,125
,,,,,,170318371002012,9372,20,103
,,,,,,170318368001010,5970,0,122
,,,,,,170312520001001,22371,79,118
,,,,,,170318013001014,12992,51,128
,,,,,,170318311001005,4032,0,105
,,,,,,170313204001015,1626,19,135
,,,,,,170310624001001,7535,87,134
,,,,,,170318326001001,15439,139,37
,,,,,,170312827002001,10865,0,67
,,,,,,170313204001009,3256,0,88
,,,,,,170310407001006,7476,76,12
,,,,,,170318330002031,8878,0,3
,,,,,,170312916001010,5248,61,110
,,,,,,170310816001002,5781,579,90
,,,,,,170310312002002,18769,28,61
,,,,,,170318131001013,4848,44,68
,,,,,,170311407011001,2533,27,63
,,,,,,170310715004006,5045,59,91
,,,,,,170310623001004,4991,61,134
,,,,,,170318330002033,9545,0,3
,,,,,,170313301033010,10648,0,87
,,,,,,170313806001005,13357,106,56
,,,,,,170310629001008,10191,147,49
,,,,,,170311408003000,5132,27,13
,,,,,,170318330001000,607,624,5
,,,,,,170310818001006,6417,0,11
,,,,,,170318160001014,6620,29,95
,,,,,,170313108002002,12403,97,78
,,,,,,170318355002013,4735,15,25
,,,,,,170313301021003,10855,12,33
,,,,,,170318095003015,8794,21,53
,,,,,,170312206024001,9808,50,71
,,,,,,170311105021006,9913,22,22
,,,,,,170318391001084,9646,11,59
,,,,,,170318422001038,12473,0,37
,,,,,,170310622001009,10385,157,36
,,,,,,170310312002003,26157,34,35
,,,,,,170312206024010,9809,129,71
,,,,,,170318391001059,8132,24,54
,,,,,,170318447003020,6113,18,111
,,,,,,170313806001002,23348,39,56
,,,,,,170312519003008,22978,553,118
,,,,,,170312610002003,7341,12,93
,,,,,,170318382002005,10227,0,109
,,,,,,170318391001089,8610,0,60
,,,,,,170318329002002,12973,0,65
,,,,,,170318093003025,10686,242,121
,,,,,,170318419001003,12602,273,114
,,,,,,170318307004003,5360,0,116
,,,,,,170312435002037,11112,326,5
,,,,,,170318137021003,10379,156,84
,,,,,,170316809002004,4639,0,141
,,,,,,170318329002005,26236,0,65
,,,,,,170310307031000,15126,247,41
,,,,,,170311609001024,6143,40,105
,,,,,,170318402001015,14435,12,77
,,,,,,170318161001020,7656,37,95
,,,,,,170312515004020,10598,49,118
,,,,,,170318358001019,4383,0,32
,,,,,,170312827002011,5114,71,67
,,,,,,170318319002009,5641,81,15
,,,,,,170318407003010,7534,170,110
,,,,,,170310711002002,10708,98,50
,,,,,,170310307011001,23567,676,131
,,,,,,170312804001015,17469,18,3
,,,,,,170318424002002,14363,0,24
,,,,,,170318412002023,8151,103,80
,,,,,,170310621003008,15879,276,36
,,,,,,170318087021001,16071,210,121
,,,,,,170312520004003,6407,67,2
,,,,,,170314003001019,11820,9,106
,,,,,,170310105013003,15164,202,43
,,,,,,170312214001008,5292,49,8
,,,,,,170318138013002,2595,0,84
,,,,,,170310407001004,7715,71,12
,,,,,,170310407002009,9970,104,92
,,,,,,170318094012004,1357,0,52
,,,,,,170310106004008,7448,142,43
,,,,,,170310105032003,10370,83,38
,,,,,,170318390004003,10569,136,21
,,,,,,170311402002009,4204,53,62
,,,,,,170318331004014,6849,82,113
,,,,,,170310103002007,6749,22,40
,,,,,,170312435002004,12778,494,6
,,,,,,170310106004004,3182,12,43
,,,,,,170318374001002,9736,86,103
,,,,,,170311603002003,4842,36,57
,,,,,,170318093001020,15337,184,39
,,,,,,170318137022009,16790,0,84
,,,,,,170316708002017,7675,36,31
,,,,,,170312916001012,7312,83,110
,,,,,,170312808001012,18927,179,67
,,,,,,170316203006018,10429,72,74
,,,,,,170313204001019,8724,127,136
,,,,,,170318373001003,7758,72,97
,,,,,,170310507001001,5953,77,14
,,,,,,170313201021016,8145,0,19
,,,,,,170310406003014,1865,0,12
,,,,,,170318407001004,7460,161,110
,,,,,,170310104003008,7446,174,38
,,,,,,170312518002003,7412,72,102
,,,,,,170310711002005,5378,91,50
,,,,,,170310818003000,10426,175,11
,,,,,,170310406001013,5335,38,16
,,,,,,170310625001001,10210,70,15
,,,,,,170310312003003,16303,507,61
,,,,,,170311610001004,7472,29,57
,,,,,,170318420002007,6800,263,45
,,,,,,170310407003005,7721,76,92
,,,,,,170316201001017,7368,67,96
,,,,,,170313204001018,9992,9,135
,,,,,,170310623001016,4938,47,134
,,,,,,170310407002007,4581,39,92
,,,,,,170310311002003,15304,94,35
,,,,,,170313108001004,12572,169,78
,,,,,,170316912002027,5080,20,24
,,,,,,170312435002034,2539,0,5
,,,,,,170318390004007,1170,0,21
,,,,,,170312827002012,7610,81,67
,,,,,,170312514004021,8914,0,2
,,,,,,170318410001025,26205,0,87
,,,,,,170312435002017,3024,0,6
,,,,,,170310102021010,10466,100,130
,,,,,,170312206021008,3187,32,71
,,,,,,170318390001003,19870,40,115
,,,,,,170318319002011,10047,45,15
,,,,,,170311608004010,5262,68,105
,,,,,,170318160001016,8230,37,95
,,,,,,170310810002008,9047,36,89
,,,,,,170310623001002,4966,52,134
,,,,,,170318447003014,7212,52,111
,,,,,,170310406001007,7420,35,16
,,,,,,170312420003003,7995,36,139
,,,,,,170318161001011,10121,20,95
,,,,,,170313204001008,17406,471,88
,,,,,,170311402002004,7656,123,62
,,,,,,170318391001022,8166,0,125
,,,,,,170310629001003,7821,106,36
,,,,,,170311408005007,10212,0,63
,,,,,,170313204001020,18729,19,136
,,,,,,170312222002000,5935,57,104
,,,,,,170313302002000,2498,0,143
,,,,,,170318314001022,7623,32,69
,,,,,,170312214001011,8144,125,8
,,,,,,170310507001008,5920,31,14
,,,,,,170310102022000,10463,52,130
,,,,,,170310711002014,12589,178,117
,,,,,,170318340002017,10122,33,140
,,,,,,170318371001010,25713,18,42
,,,,,,170318423002034,4668,40,6
,,,,,,170310106004007,9447,179,43
,,,,,,170312205003006,4851,46,71
,,,,,,170312925003013,7694,58,83
,,,,,,170313301022001,1180,0,33
,,,,,,170318013002011,11036,109,128
,,,,,,170312925003010,45154,279,83
,,,,,,170310106001009,10297,135,43
,,,,,,170310630003003,6237,49,49
,,,,,,170318391002043,4698,309,21
,,,,,,170310507001004,5843,0,14
,,,,,,170314902002025,8998,0,140
,,,,,,170318411001017,7725,0,27
,,,,,,170310102021000,16688,58,40
,,,,,,170314206002007,7682,87,29
,,,,,,170310501002008,5665,63,64
,,,,,,170313108001005,7624,158,78
,,,,,,170318100003017,7786,25,129
,,,,,,170310815003001,9818,0,90
,,,,,,170313201021024,4195,26,88
,,,,,,170310812012003,10126,554,89
,,,,,,170313108001006,5826,55,78
,,,,,,170318391002025,11142,632,18
,,,,,,170310105032000,10353,59,38
,,,,,,170318131001012,4717,77,68
,,,,,,170312924002016,7026,73,82
,,,,,,170318123013013,6784,0,1
,,,,,,170310406003010,6439,43,12
,,,,,,170318432002048,4802,0,76
,,,,,,170310804001000,768,3,91
,,,,,,170310409001010,9667,53,12
,,,,,,170318093002000,13155,190,39
,,,,,,170311105012026,5282,42,22
,,,,,,170318373001001,12769,6,97
,,,,,,170310818001008,10718,0,11
,,,,,,170313108003003,10341,127,78
,,,,,,170312214002003,6512,90,8
,,,,,,170311407021002,9524,163,63
,,,,,,170318368001020,9585,20,122
,,,,,,170314208001010,7359,25,28
,,,,,,170310506002004,7060,97,14
,,,,,,170312435002043,11755,143,5
,,,,,,170311105022030,39856,0,22
,,,,,,170311408003005,6963,25,13
,,,,,,170312602001017,4603,33,119
,,,,,,170318308001005,6904,67,16
,,,,,,170310301022001,13871,365,47
,,,,,,170313204001010,18588,70,99
,,,,,,170318311001004,4938,0,105
,,,,,,170318330001044,12394,243,85
,,,,,,170311105022028,11901,7,22
,,,,,,170311610001015,8171,28,57
,,,,,,170318419001004,12135,0,114
,,,,,,170310703001002,27876,348,44
,,,,,,170313814001002,12611,33,32
,,,,,,170310711002011,7658,92,117
,,,,,,170311603002004,8079,145,57
,,,,,,170310818002017,1316,0,132
,,,,,,170310406001012,6148,30,16
,,,,,,170316809002005,6102,0,141
,,,,,,170318070002026,2362,16,51
,,,,,,170318161001013,7677,58,95
,,,,,,170310630003007,7522,128,49
,,,,,,170318358001001,11524,115,55
,,,,,,170318308002000,9145,0,17
,,,,,,170318417001007,5274,21,111
,,,,,,170318127001006,9495,30,101
,,,,,,170312924002014,9402,50,82
,,,,,,170313108002001,7641,111,78
,,,,,,170312922002009,13419,113,81
,,,,,,170318346002002,1367,0,142
,,,,,,170318324002002,9600,59,104
,,,,,,170313514001002,22705,8,45
,,,,,,170313206002018,12054,12,33
,,,,,,170310603002019,5125,52,14
,,,,,,170318391001001,0,0,125
,,,,,,170318432002029,0,0,77
,,,,,,170318373002003,7579,68,97
,,,,,,170318404001002,0,0,76
,,,,,,170318137022001,5690,125,84
,,,,,,170314206002008,7775,147,29
,,,,,,170310105013004,5306,175,43
,,,,,,170310704002002,4637,42,50
,,,,,,170314004001017,7081,80,106
,,,,,,170318098002002,13689,112,53
,,,,,,170318407001005,5234,64,110
,,,,,,170318434001001,1811,0,82
,,,,,,170318391001003,0,0,132
,,,,,,170313201021007,0,0,19
,,,,,,170318320001007,16130,35,124
,,,,,,170318391001004,0,0,132
,,,,,,170311408005000,22255,81,13
,,,,,,170310407001008,4893,63,12
,,,,,,170313201021014,1673,0,19
,,,,,,170316903002004,11877,66,72
,,,,,,170318131001019,5157,25,68
,,,,,,170310815003009,811,0,19
,,,,,,170318321002004,4450,55,123
,,,,,,170310817002042,0,0,132
,,,,,,170318432002055,1412,0,76
,,,,,,170318432002054,0,0,76
,,,,,,170313806003000,13124,96,56
,,,,,,170316007002025,0,0,76
,,,,,,170310621002006,6007,113,124
,,,,,,170318402001018,0,0,77
,,,,,,170318404001000,1333,0,76
,,,,,,170318331001008,14834,193,65
,,,,,,170310407004002,0,0,13
,,,,,,170311402003011,7661,26,62
,,,,,,170313108001007,7602,73,78
,,,,,,170310615001018,8782,63,134
,,,,,,170310312003004,25428,429,61
,,,,,,170310817002041,0,0,125
,,,,,,170310817002040,0,0,125
,,,,,,170310816001011,0,0,19
,,,,,,170310818002023,0,0,132
,,,,,,170318094021020,21612,351,52
,,,,,,170318391001002,0,0,125
,,,,,,170318420002011,12657,148,45
,,,,,,170318137012008,5814,26,112
,,,,,,170318129002010,7523,37,94
,,,,,,170310818002022,0,0,132
,,,,,,170310815003013,0,0,19
,,,,,,170313201021006,4548,0,19
,,,,,,170318391001000,0,0,19
,,,,,,170318340002019,20149,54,140
